cntry,cntry.code,a1960,a1961,a1962,a1963,a1964,a1965,a1966,a1967,a1968,a1969,a1970,a1971,a1972,a1973,a1974,a1975,a1976,a1977,a1978,a1979,a1980,a1981,a1982,a1983,a1984,a1985,a1986,a1987,a1988,a1989,a1990,a1991,a1992,a1993,a1994,a1995,a1996,a1997,a1998,a1999,a2000,a2001,a2002,a2003,a2004,a2005,a2006,a2007,a2008,a2009,a2010,a2011,a2012,a2013,a2014,a2015,a2016,a2017,a2018,a2019,a2020,a2021,a2022,a2023,a2024
Aruba,ABW,,,,,,,,,,,,,,,,,,,,,,,,,,,,,,,,,,,,,,,,,,,,,,,,,,,,,,,,,,,,,,,,,
Africa Eastern and Southern,AFE,,,,,,,,,,,,,,,,,,,,,,,,,,,,,,,,15.42311192,16.17856616,,,,,,,,,,,,,,,,,29.00016458,36.23490548,30.98511197,20.92945366,31.51205765,22.44453372,23.51187505,20.08792319,22.69462183,21.18910114,20.15641792,20.57534883,18.65986972,22.01385997,,
Afghanistan,AFG,,,,,,,,,,,,,,,,,,,,,,,,,,,,,,,,,,,,,,,,,,,,,,,76.19533409,83.23912278,92.91623142,88.25339265,88.78279105,90.15175299,88.01647195,88.93533441,87.50377723,85.43192291,81.02652168,78.82994719,,,,,,,
Africa Western and Central,AFW,,,,,,,,,,,,,,,,,,,,,,,,,,,,,,,,,,,,,,,,,,,,,,,,,,,,,,,,26.91050687,23.76462247,26.18403184,28.66685306,23.71332841,24.87544438,23.92644951,,,
Angola,AGO,,,,,,,,,,,,,,,,,,,,,,,,,,,,,,,,,,,,,,,,61.21330681,45.62557071,29.75182015,41.62512259,41.93809335,34.74364215,29.94930501,45.9955236,50.06971024,36.58874746,16.18501209,49.75901156,61.97014058,56.67511189,57.710994,54.18743065,35.65123652,31.99140625,38.62004579,52.69482917,49.03434754,,,,,
Albania,ALB,,,,,,,,,,,,,,,,,,,,,,,,,,,,,,,,,,,,22.47186354,17.43622577,23.68705888,30.42705949,,,,16.58576201,13.25178945,10.22447167,,,,,,,8.574659418,8.018128471,8.633290161,8.113088641,8.556785783,9.918207857,7.904479989,7.273593985,7.151084795,6.447267897,18.9648891,5.877193351,15.72957179,
Andorra,AND,,,,,,,,,,,,,,,,,,,,,,,,,,,,,,,,,,,,,,,,,,,,,,,,,,,,,,,,,,,,,,,,,
Arab World,ARB,,,,,,,,,,,,,,,,,,,,,,,,,,,,,,,,,,,,,,,,,,,,,,,,,,,,40.15869734,32.98780817,,,,,,,,,,,,
United Arab Emirates,ARE,,,,,,,,,,,,,,,,,,,,,,,,,,,,,,,,,,,,,,84.33880817,83.80179055,82.32675471,,,,,,,,,,,,85.72653263,84.56576805,83.40961304,82.94201043,92.16427109,92.21186911,91.80272044,91.88685752,77.10667416,76.66433659,72.0576459,78.6026369,79.387857,
Argentina,ARG,,,,,,,,,,,,,,,,,,,,,,,,,,,,,,,9.824982889,10.71018225,7.507383428,9.615470777,8.51916217,7.769608453,7.386462894,8.735441141,8.489994821,10.91761318,8.705913886,9.477656491,10.59070771,11.05023193,5.394899684,4.00594342,5.99479459,4.368297279,5.902256998,11.87816451,11.365507,6.98405251,7.657226655,10.52999132,14.3141856,13.18193277,11.05799865,8.461613512,10.38230952,10.07251901,6.854944327,13.62705386,9.466087356,16.04810473,
Armenia,ARM,,,,,,,,,,,,,,,,,,,,,,,,,,,,,,,,,,,,,,,,,,,,,11.93044986,13.9996789,14.49679898,15.36023947,13.01428484,13.98097004,14.60722808,16.08625244,11.29206067,8.035374611,12.14844258,11.13460887,9.577394434,9.018022632,8.022918549,7.774911675,12.68968249,6.905211581,7.748415665,6.834774723,
American Samoa,ASM,,,,,,,,,,,,,,,,,,,,,,,,,,,,,,,,,,,,,,,,,,,,,,,,,,,,,,,,,,,,,,,,,
Antigua and Barbuda,ATG,,,,,,,,,,,,,,,,,,,,,,,,,,,,,,,,,,,,,,,,,,,,,,,,,,,,,,,,,,,,,,,,,
Australia,AUS,,,,,,,,,,,,,12.53438979,12.50644928,11.04219375,9.956765005,10.08608779,10.58253746,11.46078553,11.0045489,10.08507853,9.21710161,9.310048258,10.33528078,10.85743781,10.36297487,11.34014405,11.2764793,9.727883794,8.410670943,7.602451555,7.197565003,8.473200628,8.580868213,9.23587463,7.440866992,6.96607297,6.832418134,6.328677237,10.76095656,11.11428288,8.230044621,9.457804073,8.724609348,8.765897438,8.475693557,9.149022952,9.036452271,9.09724676,10.23570394,12.29888756,10.71661954,10.1322011,10.43190586,10.25683734,10.86495641,10.54251961,11.39971502,10.86468815,11.36832936,12.12010569,11.86207756,11.46244042,,
Austria,AUT,,,,,,,,,,,,,6.45770657,5.573870574,5.535327951,6.384738917,6.546096162,6.248524435,6.968725216,8.113041289,8.490402905,9.321236208,9.190834318,8.672540944,8.256559512,8.875913635,8.609910544,9.325070204,8.950401206,9.457954175,9.281746853,9.449906677,9.407526021,8.816369414,9.120899261,8.215799866,7.050439075,5.705487001,5.550371507,6.66139786,7.044985308,6.918623636,7.486350459,7.279248116,7.577458429,9.505817829,9.699493745,9.620493658,9.094620773,10.41053812,9.716460946,9.614645881,9.441911559,8.945401064,8.676088664,8.594400625,9.451402016,8.484458818,8.523869113,8.51073076,8.706181073,8.596883521,8.70876213,9.330323506,
Azerbaijan,AZE,,,,,,,,,,,,,,,,,,,,,,,,,,,,,,,,,,,0.177817988,0.246062351,8.567960546,6.848246338,7.567807309,7.208656838,,,,,,,,,61.86503204,58.85185541,68.46146111,67.95136383,62.76358103,60.12659036,56.96999299,44.68734714,49.21328506,54.01595357,59.72053908,59.6242875,44.76722337,53.91463074,50.42874922,,
Burundi,BDI,,,,,,,,,,,,,,,,,,,,,,,,,,,,,,,,27.92029832,16.17856616,34.49809403,24.93675832,12.44616257,16.72436939,5.66051376,6.163962659,5.634124249,,,,,,,,,,,69.58428268,59.25499187,47.69319191,48.89847818,43.5265263,24.67545438,19.91486701,29.35442073,,26.67730561,27.81225511,26.67884071,,,
Belgium,BEL,,,,,,,,,,,,,,,,,,,,,,,,,,,,,,,,,,,,2.675035518,2.823488193,2.86589393,2.372901382,2.399161004,2.504865507,3.259318784,2.965212473,2.801728663,2.424009617,2.987168185,2.965102926,2.786636955,3.26625401,3.182821382,3.648857489,4.024103637,4.022000478,4.137891385,4.152718614,3.782316436,4.126421219,3.898344053,4.648605144,3.835100305,3.32414033,3.195318641,3.501749324,,
Benin,BEN,,,,,,,,,,,,,,,,,,38.44468784,28.03941345,32.8844679,,,,,,,,,,,,,,,,,,,,,,,,,,,,,,,,,,,,,,,,,,,,,
Burkina Faso,BFA,,,,,,,,,,,,,,,,,,,,,,,,,,,,,,,,,,,,,,,,,,,30.30706882,37.71361026,30.66487306,32.02761774,35.04580716,37.32338091,29.5006334,35.89551007,35.72622268,33.57732468,30.2071597,31.14703495,28.79766504,27.29112521,23.76462247,19.58982017,20.59911996,21.93725643,30.7591723,23.92644951,19.3183844,19.61489722,
Bangladesh,BGD,,,,,,,,,,,,,,,,,,,,,,,,,,,,,,,,,,,,,,,,,,28.16020317,29.58923809,27.93979106,22.23320944,23.81223459,22.57547224,23.96815562,22.68024906,24.1922653,22.7989362,19.05124076,21.42757954,23.62110992,23.60649994,15.04839346,15.18918074,13.90647708,11.80091447,14.30370583,19.71064353,20.42881904,,,
Bulgaria,BGR,,,,,,,,,,,,,,,,,,,,,,,,,,,,,,,28.38004664,15.63277426,23.05408833,24.63044307,23.36053174,,,,,,,,,,,,,,,,,,,,,,,,,,,,,,
Bahrain,BHR,,,,,,,,,,,,,,,,,,,,,,,,,,,,,,,81.95932648,81.24330118,79.28141136,79.74046097,76.81934932,78.89577916,79.6875,81.19010819,72.65933153,79.64774951,87.32183793,85.10592537,86.73039367,87.36465406,83.76294681,95.82625344,95.58911467,95.40629244,95.53825183,93.11642993,94.77298425,95.72382019,95.49210491,95.54988951,96.64669573,94.07144431,94.57205797,94.04952152,94.14304394,84.91863337,81.73136566,,,,
"Bahamas, The",BHS,,,,,,,,,,,,,,,,,,,,,,,,,,,,,,,11.9205298,13.53168942,10.23386342,10.44214487,10.58591827,9.919733454,10.26688056,9.598577236,10.35210851,8.644870033,7.970882271,10.81022295,9.959171902,8.567306625,9.603340734,10.95063484,10.68607919,9.729305346,10.69588747,14.68280374,15.98662422,9.765719804,15.06614575,10.84547621,14.49430186,13.18491624,15.59004755,11.0756013,10.1196072,9.37961227,10.95712484,15.53889788,17.17025088,13.37090776,
Bosnia and Herzegovina,BIH,,,,,,,,,,,,,,,,,,,,,,,,,,,,,,,,,,,,,,,,,,,,,,11.40647322,10.09598323,11.6175029,9.788779478,10.92134332,9.921902533,8.653695941,9.430973588,9.202409542,11.13347377,9.481489194,8.649355941,8.934751229,9.003070055,8.232160793,9.152912897,8.251909771,7.662405987,8.235727233,
Belarus,BLR,,,,,,,,,,,,,,,,,,,,,,,,,,,,,,,,,3.050847458,3.230974633,1.556341587,2.588798789,7.398889919,4.451685928,6.950685043,7.649422016,6.586812633,6.570189376,5.788300131,3.713646454,7.497117542,6.927045934,8.645437583,7.684773434,6.091868571,12.75931312,8.936321357,14.89514447,14.64766768,13.89531349,16.97533482,19.92562879,23.64767231,28.9214558,25.60717303,25.53338789,23.97090373,20.24701493,22.67279793,25.69623025,
Belize,BLZ,,,,,,,,,,,,,,,,,,,,,,,,,,,,,,,20.61127647,18.66760174,17.94143062,13.34484138,13.50531051,10.70124416,13.38545172,13.13539745,15.26618328,27.25571406,18.06514593,14.30759933,11.33015343,12.99828353,11.54089047,13.93947524,14.5435564,19.09156051,21.06206757,14.99302127,14.85931531,18.8618223,12.5576553,20.06694204,14.55900345,12.94672943,11.77134008,12.74939168,,,,,,,
Bermuda,BMU,,,,,,,,,,,,,,,,,,,,,,,,,,,,,,,,,,,,,,,,,,,,,,,,,,,,,,,,,,,,,,,,,
Bolivia,BOL,,,,,,,,,,,,,,,,,,,,,,,,,,6.322580645,25.96723253,30.42406731,43.26034063,40.74477227,42.69949439,43.82069009,41.69091665,49.7297921,41.88499362,39.36243578,27.24221196,20.54698991,20.82015766,29.70797142,28.69434835,30.18948371,31.627381,33.00329788,30.65534637,30.2262337,52.10753875,27.7714461,,,,,,,,,,,,,,,,,
Brazil,BRA,,,,,,,,,,,,,,,,,,,,,,,,,,,,,,,,,,,,,,,,,,,,,,,,,,,21.09074124,18.59988211,21.60113857,20.00156018,18.29570968,23.81028107,24.52007992,19.09176972,20.91084411,22.64025698,16.07705898,19.2695896,23.64811799,21.49839353,
Barbados,BRB,,,,,,,,,,,,,,,,,,,,,,,,,,,,,,,,,,,,,,,,,,,,5.838477028,4.36187399,4.436532253,4.027553562,4.171156051,7.168660652,12.78796755,7.079121937,6.936616242,7.015730026,6.700311141,7.841853903,5.606791173,7.510091775,,,,,,,,
Brunei Darussalam,BRN,,,,,,,,,,,,,,,,,,,,,,,,,,,,,,,,,,,,,,,,,,,,,,,,,,,,,,,,,,,,,,,,,
Bhutan,BTN,,,,,,,,,,,,,,,,,,,,,,,84.62620579,,82.37762238,85.52209459,84.4251277,,86.60800454,85.55182699,83.63469417,83.7140709,82.6789107,83.32027607,83.32726008,81.76972281,80.858445,81.06889189,74.45976561,81.47573611,74.61415988,77.73793805,72.53668002,61.31965551,76.41033191,70.78190566,72.37113491,76.56984924,74.47512721,72.23949273,64.21574483,58.75937264,56.23512455,50.43354955,57.3343947,47.72676658,52.53039067,48.7668348,47.16388526,39.8188472,58.69569771,,,,
Botswana,BWA,,,,,,,,,,,,,,,,,,,,,,,,,,,,,,,47.57415131,49.42023588,46.6548409,54.71100404,48.31960424,59.29991485,67.07608978,,,,,,,,,,41.82668379,39.48806011,32.60137267,33.00339244,35.59846501,35.2627875,28.37010344,34.42811875,32.63023156,25.73080072,37.96752744,29.1987343,29.30538624,30.03364986,22.62502977,32.39900421,33.32259592,33.32259592,20.29592294
Central African Republic,CAF,,,,,,,,,,,,,,,,,,,,,,,,,,,,,,,,,,,,,,,,,,,,,33.70371909,,,,39.83376428,42.60033862,43.09863077,29.33127866,46.91411745,,78.54839547,40.82059127,56.14400977,48.78222122,48.69052225,54.76487361,59.68725359,42.71214358,,,
Canada,CAN,,,,,,,,,,,,,,,,,,,,,,,,,,,,,,,11.61262115,11.72011905,10.96318024,10.21888435,10.05176222,10.82941344,10.16455272,10.44185488,10.1693612,9.846161231,10.14113347,9.613623799,9.134993221,8.740161745,7.349749449,7.084571697,7.361087645,7.910961565,8.293650387,7.262702361,7.720244338,7.961847956,8.396402871,7.893044623,7.194636485,7.507692135,7.033616387,8.338508031,8.472041973,8.413625924,7.120613021,9.15047752,6.622074492,6.857931483,
Central Europe and the Baltics,CEB,,,,,,,,,,,,,,,,,,,,,,,,,,,,,,,,8.283768389,10.74205172,7.44960287,6.96920546,,,,,,,,,,,,,,,,,,,,,,,,,,,,10.64056928,,
Switzerland,CHE,,,,,,,,,,,,,10.31905399,10.13550885,10.36025145,10.46774874,10.41695335,10.05298147,10.09232526,10.41699106,10.20473078,9.56796799,9.175889919,8.688832379,8.473128641,,,,,,9.740986868,9.907266948,10.24242411,11.03900519,11.33767034,11.51960293,10.79975262,10.66021995,10.49207121,10.62710359,10.30083058,10.74564084,10.45559077,10.76764243,11.10863182,11.67448433,11.60518696,11.31348557,9.82024049,9.299769063,9.439983704,9.085903341,8.96315242,9.333039759,9.140628201,9.140804119,8.983529003,8.860343241,9.110994456,8.587510358,9.14040628,9.182466862,9.890471815,8.817243625,
Channel Islands,CHI,,,,,,,,,,,,,,,,,,,,,,,,,,,,,,,,,,,,,,,,,,,,,,,,,,,,,,,,,,,,,,,,,
Chile,CHL,,,,,,,,,,,,,14.28571429,15.625,29.18287938,28.363047,26.3556116,24.86256031,26.91783931,26.13001624,23.22916957,20.6324597,22.34319848,21.23345143,20.49401775,23.4589087,20.82289764,20.90740644,23.41063499,22.27801285,21.01551703,17.78841304,17.35365351,15.1460473,15.57858714,17.13793248,15.28558367,16.52600492,16.32776183,18.08110874,16.13803898,17.02936597,13.41475268,14.32996293,16.25547739,15.29180161,15.00922187,17.04540357,18.03448911,16.13537916,12.69562441,10.55800474,7.830666334,10.03471072,10.61030138,10.32506159,9.333115849,10.4642046,10.43723712,11.4749473,11.04889344,13.73316215,14.43909023,17.71897801,
China,CHN,,,,,,,,,,,,,,,,,,,,,,,,,,,,,,,,,,,,,,,,,,,,,,14.3529655,13.60830747,42.70295812,12.88746236,11.61761249,9.073315652,8.238755205,7.91994626,9.569927904,9.305489859,10.95371374,10.36232139,8.599026838,7.398614868,9.48138177,8.085175184,6.420869256,7.244482156,6.534121561,
Cote d'Ivoire,CIV,,,,,,,,,,,,,,,,,,,,,,,,,,,,,,,,,,,,4.638496003,,,,,,6.997287705,6.281062788,7.915506035,11.37288499,13.66271046,8.650588535,14.55011058,18.75208343,22.4315305,15.89898826,14.4519805,15.37798109,16.03369518,15.32228656,15.37362376,10.11884557,8.348163822,8.315025684,8.433464014,6.785942374,5.580226148,6.007322733,6.974310475,
Cameroon,CMR,,,,,,,,,,,,,,,,,,,,,,,,,,,,,,,27.47500941,34.98617147,31.39682604,26.16369884,20.77601869,25.20408544,,,23.00564762,18.18642935,,,,,,,,,,,,,28.74105089,27.04092231,24.55280733,20.57501943,19.69763439,19.3747416,19.1566259,20.64874848,16.55026248,18.48684296,,,
"Congo, Dem. Rep.",COD,,,,,,,,,,,,,,,,,,,,,,,,,,,,,,,6.764553845,9.703660662,13.45119048,16.92188395,11.57441622,7.783018868,12.11754207,19.65612922,11.56773035,30.93220339,41.04696929,58.65405667,56.87718565,67.1206678,59.5273658,70.53238411,62.00525631,60.31215242,53.15647014,61.97836604,59.56852006,,53.07061668,47.77027664,46.70132516,41.02563846,39.15735348,30.78874495,33.39034463,36.02115999,37.58792232,38.2121854,35.08341074,,
"Congo, Rep.",COG,,,,,,,,,,,,,,,,,,,,,,,,,,,,,,,,,,,,,,,,,,70.52197366,73.3229572,71.36104319,77.86323956,84.68418522,87.86215144,84.28442242,88.55943564,72.71379025,87.56004188,79.26464882,77.93271888,75.76981579,70.06526858,40.40854555,34.90724988,39.45092,70.44338151,70.81082879,56.34211225,68.26567996,,,
Colombia,COL,,,,,,,,,,,,,,,,,,,,,,,,,,,,,,,,,,,,,,,16.54195884,16.97353255,19.96263536,,,40.32324561,,,,,25.08451814,28.28830918,32.92325539,21.23438409,27.91992257,39.26843338,26.93023247,24.10396146,28.40038851,35.84902305,29.48727988,34.52675782,36.0518272,34.12897508,26.65903498,26.82094374,
Comoros,COM,,,,,,,,,,,,,,,,,,,,,,,,,,,,,,,,,,,,,,,,,,,,,,,,,,,,,,,,,,,,,,,,,
Cabo Verde,CPV,,,,,,,,,,,,,,,,,,,,,,,,,,,,,,,,,,,,,,,,,,,,,,30.13396611,25.52799143,22.24510446,22.77937774,28.82248366,31.19207012,18.2102796,21.19922108,22.82176162,20.11322481,25.67267988,23.87221839,25.17323471,21.13065835,25.10768005,25.92082287,,,,
Costa Rica,CRI,,,,,,,,,,,,,11.11111111,8.641975309,10.6122449,9.900990099,9.315068493,9.79498861,10.26086957,6.012658228,5.962059621,5.397448479,4.403992954,4.838135895,10.22539857,9.461107047,15.43255132,13.31335616,14.44368445,14.27061311,13.63711682,12.9153335,11.24678093,11.5153478,9.564977467,12.26251755,9.586619257,8.776933859,9.248719023,9.438600376,8.958165455,8.482013013,8.530712316,8.439913891,8.274671474,8.498296772,11.04236918,8.553055348,6.978171261,10.3990387,8.051738993,7.768466218,8.492643726,7.624842176,7.487701155,10.87242394,11.36575049,7.211847173,14.62237898,19.83829219,20.37948871,18.787832,19.75181754,21.78407569,
Caribbean small states,CSS,,,,,,,,,,,,,,,,,20.7904294,17.15988018,20.02854424,20.17626921,16.48411151,16.77082465,,,,,,,,,,,,,,,,,,,,13.26045627,15.71222805,11.89731947,11.12365559,9.913978843,9.402574464,10.61278725,8.660682056,15.51662384,14.48945108,10.62963152,10.83031315,14.33690096,17.76319283,24.20460072,21.87830758,26.78683278,22.87435971,18.73629286,,,,,
Cuba,CUB,,,,,,,,,,,,,,,,,,,,,,,,,,,,,,,,,,,,,,,,,,,,,,,,,,,,,,,,,,,,,,,,,
Curacao,CUW,,,,,,,,,,,,,,,,,,,,,,,,,,,,,,,,,,,,,,,,,,,,,,,,,,,,,,,,,,,,,,,,,
Cayman Islands,CYM,,,,,,,,,,,,,,,,,,,,,,,,,,,,,,,,,,,,,,,,,,,,,,,,,,,,,,,,,,,,,,,,,
Cyprus,CYP,,,,,,,,,,,,,25.48233047,19.0515669,33.6223822,42.06824304,41.91867853,41.33245877,30.75633219,26.00673598,25.51402407,21.69077847,25.06443554,22.58366244,20.22262912,20.05591751,20.43386492,19.87450878,18.83679259,19.25412792,19.61781107,21.01274211,20.47578201,20.03711885,18.64150482,,,,,,,,,,,,,,,,,,,,,,12.75526233,12.5503873,13.18403021,11.79471141,10.51568057,11.53347903,10.29711719,10.3920458,
Czechia,CZE,,,,,,,,,,,,,,,,,,,,,,,,,,,,,,,,,,7.019235016,7.345863531,8.928678792,7.289687696,6.551428489,7.170064236,6.757219236,6.327563706,8.267900255,6.910665399,14.96980846,8.247218632,7.795487795,8.125777858,8.185829132,9.045307469,10.46824732,10.63070981,10.40670609,9.438869057,9.29790754,9.3740027,10.79287384,8.780077883,7.816082925,7.951442278,7.602953582,7.754849451,8.352617351,10.17434288,,
Germany,DEU,,,,,,,,,,,,,5.090769379,5.068934203,4.897065601,4.934246676,4.906859015,4.434051083,4.7446084,4.779937503,4.484484014,4.870108298,6.535811669,6.430379747,7.901328273,8.161460871,7.754470725,6.591696965,5.552171981,6.16216709,0.370729482,5.218450865,6.8824736,6.829693092,6.917113151,5.216517846,4.645869133,4.476079008,4.280493709,4.305859323,4.192007427,4.823772696,4.608788853,5.766854132,4.425068103,3.933263232,4.237130285,4.164526641,4.375873472,4.675915679,4.836852525,5.502356593,5.217046917,5.216649776,5.658229249,5.341083407,5.297616995,4.835529255,5.286256975,5.505572293,5.74878478,5.702558253,5.449370454,,
Djibouti,DJI,,,,,,,,,,,,,,,,,,,,,,,,,,,,,,,,,,,,,,,,,,,,,,,,,,,,,,,,,,,,,,,,,
Dominica,DMA,,,,,,,,,,,,,,,,,,,,,,,,,,,,,,,,,,,,,,,,,,,,,,,,,,,,,,,,,,,,,,,,,
Denmark,DNK,,,,,,,,,,,,,7.502613501,6.625283514,8.267055168,11.05246905,12.52134183,10.01603001,10.62787911,11.3557434,13.20850988,13.85377843,14.41636032,14.97512904,15.80220046,14.81867802,14.01060308,13.53788345,14.39652893,14.98461363,16.34215082,15.47531617,17.01884521,17.39672908,15.87757348,,,,,,,,,,,,,,,,,,,,,,,,,,,,,,
Dominican Republic,DOM,,,,,,,,,,,,,17.00172315,14.43005181,12.08174714,12.59681426,11.71799028,11.0531804,17.196702,13.0618937,22.47594883,21.72543441,14.6591742,16.54668965,12.45148515,7.963210897,14.95567629,14.01095319,16.17901608,10.44374939,9.89003474,8.894844192,10.60177192,9.094750837,8.900663312,9.118141525,7.979626486,7.707130677,5.94380642,7.205630032,7.694430282,5.579091244,5.821149994,9.332963628,11.18422498,9.132107827,8.82917861,10.69088908,7.997058761,9.117825516,12.4033545,12.89856093,10.55046741,9.745063423,9.665313512,25.87802738,12.13740606,9.581425072,10.62248864,10.7148266,11.10549543,9.049211763,11.51251656,11.08043722,
Algeria,DZA,,,,,,,,,,,,,,,,,,,,,,,,,,,,,,,,,,,,,,,,,,,,,,,,,,,,,,,,,,,,,,,,,
East Asia & Pacific (excluding high income),EAP,,,,,,,,,,,,,,,,,,,,,,,,,,,,,,,,,19.30208819,14.11503532,15.15526037,16.64429219,16.31561234,15.7372086,16.60595182,22.44095708,23.92941028,21.49067809,23.059247,27.03486156,28.83193431,19.26927411,15.20867167,,20.93083667,24.26465971,27.27169748,25.90734493,27.30449171,26.91003711,24.58041245,22.86482128,20.14786786,21.74931338,25.02354716,23.83154961,19.50472483,19.70376121,16.39708624,,
Early-demographic dividend,EAR,,,,,,,,,,,,,,,,,,,,,,,,,,,,,,,20.23961068,22.82984859,24.17658287,25.65027335,,,,,18.8455217,16.94564331,,24.55558192,23.26759378,23.23657861,21.75219282,23.30754838,22.22999514,22.48486514,23.23689664,23.07801472,21.97860739,23.97993478,21.42757954,23.29323698,23.18593927,20.90397149,19.68423168,19.57546598,19.1911686,19.86715364,18.94619677,18.84358688,17.81244332,,
East Asia & Pacific,EAS,,,,,,,,,,,,,,,,,,,,,,,,,,,,,,,,,15.70190945,14.1850247,,,14.82971526,14.57567946,17.16973047,19.79552532,,19.39347711,18.97068817,25.49041508,22.23949873,16.12526693,15.20867167,22.42602159,16.46632761,19.52851713,20.0818595,21.79101565,23.88171298,23.47367851,22.89597475,21.2360965,20.14786786,20.03883385,23.74045185,20.82697034,18.94619677,18.17360199,16.39708624,,
Europe & Central Asia (excluding high income),ECA,,,,,,,,,,,,,,,,,,,,,,,,,,,,,,,,,,,,,,,,,,,,,,,,,14.36719236,14.56818833,15.06112736,14.89514447,12.59932481,13.07827308,15.28238352,14.45157205,14.38181186,13.94116531,14.58690262,15.268395,15.87456788,18.33752987,17.50771532,16.38323783,
Europe & Central Asia,ECS,,,,,,,,,,,,,,,,,,,,,,,,,,,,,,,,,,,8.449032088,,,,,,,,,,10.22447167,10.75946528,10.39238211,10.95349854,10.78495054,12.583682,12.70753903,12.20368406,12.59932481,12.88713081,12.34515014,11.33352349,9.918207857,10.19022786,9.976825273,10.57556718,10.51568057,11.35530804,10.17434288,11.78195466,
Ecuador,ECU,,,,,,,,,,,,,,,,,,,,,,,,,,,,,,,,,,,,,,,,,,,,,,,,,,,,,,39.99285456,35.8028903,29.75507019,34.34017418,31.59471873,36.58348584,36.94732501,32.7489959,40.39426471,41.67633211,,
"Egypt, Arab Rep.",EGY,,,,,,,,,,,,,,,,39.19463087,38.82013201,24.56831263,28.79830598,26.03713041,,36.57671354,35.02632734,36.69031174,39.47786796,37.54624387,38.38569738,40.79566004,40.97846755,38.73277251,31.54804952,43.02672277,38.19095477,39.85556544,41.23974422,40.93338083,40.83242253,39.82308412,,,,,47.13026465,48.88153128,45.83383752,43.00558362,44.42182818,44.4088778,44.86509248,43.43241911,43.80096013,36.40198869,40.73925444,37.78617917,49.91333487,43.17070317,,,,,,,,,
Euro area,EMU,,,,,,,,,,,,,,7.35520246,6.665923531,7.78078224,6.853666751,7.725269905,8.11401454,8.903574903,8.870489765,9.518115968,9.565355437,9.294040786,9.371902769,9.25229255,9.84455668,10.12674959,9.0238072,9.022678597,9.281746853,8.508458343,8.97000941,8.816369414,7.403946501,,,,,,,,,,8.956544471,9.505817829,9.620924,10.10700258,10.61465439,11.59021808,11.14455889,12.31717546,13.45036393,11.7352965,10.98971687,10.47736463,9.545890276,9.097722528,9.907908353,10.54357018,9.743099286,9.670217208,10.05611182,10.94765083,
Eritrea,ERI,,,,,,,,,,,,,,,,,,,,,,,,,,,,,,,,,,,,,,,,,,,,,,,,,,,,,,,,,,,,,,,,,
Spain,ESP,,,,,,,,,,,,,11.35166764,8.973128599,11.23163396,9.599809433,9.183809778,9.551047875,8.086354747,8.037565174,8.159821453,10.84748222,12.90251566,9.356944421,11.15497474,9.466492748,8.338189948,6.564481838,7.3154148,6.317063164,6.993187282,7.989649038,7.863910829,10.80073067,8.157817254,,,,,,,,,,8.454818487,7.839585753,8.048515136,8.348141262,6.949234127,7.568949169,8.639897384,13.23634019,17.31162241,11.33699456,10.47575227,9.536034859,8.776009985,8.211315236,8.968492539,9.356193812,9.743099286,9.670217208,11.62441729,11.22526243,
Estonia,EST,,,,,,,,,,,,,,,,,,,,,,,,,,,,,,,,5.447470817,13.06809345,7.879970725,4.918778982,11.27431733,9.233781587,10.2294149,9.521086108,9.239661605,12.01795599,10.78459831,10.8555911,12.60417691,11.77029259,10.88770397,12.59608785,11.91676601,11.38553074,15.83938436,13.466734,13.50190567,13.57089592,11.66148084,11.50368148,11.41869441,9.545890276,10.38290141,9.976825273,10.69365657,10.90573067,10.08380007,11.10679568,11.89630137,
Ethiopia,ETH,,,,,,,,,,,,,,,,,,,,,,,,,,,,,,,29.10927456,22.82984859,26.51433031,32.83472865,32.1945433,36.25112302,35.31455189,33.55549859,32.85343171,35.14159447,,49.40146279,34.04866065,41.95605039,47.44818669,45.17360948,19.68050416,19.78078659,46.85633835,53.41871034,47.83089777,38.75778441,19.9868983,31.51971439,26.0682769,25.168784,27.63909009,26.01940826,26.00474064,31.00014424,30.61796808,31.24892752,23.67371614,28.69507573,
European Union,EUU,,,,,,,,,,,,,,7.897649529,7.605896394,8.252988816,9.183809778,8.769149498,9.360652535,9.764065336,10.01083476,10.75321299,12.81419538,10.75396492,11.15497474,9.631282245,11.46042693,10.92842898,9.659643436,9.785192998,11.0111651,9.113169381,9.407526021,9.163101147,8.449032088,,,,,,,,,,8.705681479,9.130904845,9.542354255,9.620493658,10.18599964,10.7524398,10.63070981,11.39801072,13.32983193,11.66148084,10.47575227,10.79287384,9.498646146,8.791090673,9.438200446,9.949881994,9.726289127,9.133550364,10.05611182,,
Fragile and conflict affected situations,FCS,,,,,,,,,,,,,,,,,,,,,,,,,,,,,,,,,,,,,,,,,,,,,,,,,,,,,30.2071597,,33.44163364,26.02821323,25.16556483,27.6869145,25.81650699,28.83872493,29.21511159,,,,
Finland,FIN,,,,,,,,,,,,,7.237851662,7.35520246,6.94473762,7.933560301,7.161237339,8.043132402,9.360652535,10.02227658,9.250576625,8.928571429,9.799160072,10.19019658,9.851041807,9.631282245,10.92620223,11.62008393,10.30276962,10.11243182,11.08754221,11.93476228,13.43709645,18.1158151,14.17059975,16.88724064,14.0203786,12.3069001,11.82607973,10.21506468,11.72163149,12.77663292,12.288209,12.29020406,12.74708145,12.53498728,13.41509292,14.23049351,15.43478556,14.46793719,14.3733917,13.94280154,13.32983193,12.92319499,12.78718373,12.73102403,12.14117704,12.23097299,12.29515711,12.6023719,12.30096894,12.11580578,11.9541783,11.66760795,
Fiji,FJI,,,,,,,,,,,,,,,,,,,,,,,,,,,,,,,16.4119022,12.47011328,15.00811758,16.22468772,17.12113343,13.32074887,14.06752303,,,,,,,,10.81188176,11.26761715,9.295347933,12.89466222,10.93492293,13.42409227,11.44776167,10.73369282,9.677706846,8.885866513,12.12895726,13.08938431,10.0611422,10.37063212,10.4898777,10.96786885,16.54674102,30.64233492,12.95121393,16.34346372,
France,FRA,,,,,,,,,,,,,5.871779509,5.819254492,6.295081967,6.216111541,6.355527238,5.464949928,5.118507312,4.861479673,8.414124344,9.714995729,9.331550802,9.231137152,8.892763731,9.038092351,8.762911133,8.154064353,8.807508964,8.103045424,8.396625893,9.113169381,9.237044975,9.163101147,8.449032088,,,,,,,,,,,,,,,,,,,,,,,,,,,,,,
Faroe Islands,FRO,,,,,,,,,,,,,,,,,,,,,,,,,,,,,,,,,,,,,,,,,,,,,,,,,,,,,,,,,,,,,,,,,
"Micronesia, Fed. Sts.",FSM,,,,,,,,,,,,,,,,,,,,,,,,,,,,,,,,,,,,,,,,,,,,,,,,,81.74564473,86.19105712,86.72149372,84.94376251,86.54110485,82.70351114,64.88744404,84.46775077,84.43473741,77.67552366,50.86968004,58.11657021,80.97226131,,,,
Gabon,GAB,,,,,,,,,,,,,,,,,,,,,,,,,,,,,,,,,,,,,,,,,,,,,,,,,,,,,52.27831125,45.61043877,40.4966231,34.90321431,32.23403673,35.45894437,37.45428359,39.61118134,27.16358351,35.62154822,,,
United Kingdom,GBR,,,,,,,,,,,,,10.79798976,11.4496888,11.88145731,12.19706633,11.5903942,12.42746326,12.3943201,13.16885863,13.57825524,13.06197564,12.75518278,12.924624,12.21660912,11.84514667,10.65022021,10.75446018,10.38669334,10.19907827,8.248033537,8.540234829,6.956853692,6.85751844,6.24341523,5.105168709,4.92339805,4.816479452,4.416236199,3.736983094,3.542077648,3.693187877,3.472959205,3.445667108,4.36189346,6.094637331,4.511602104,4.974591265,5.096832718,5.547765506,17.96413994,4.485151482,7.132727714,7.692563617,6.437270348,6.304422724,5.973797171,6.257497791,6.209106087,5.869389476,6.239092926,5.210529726,6.618962047,5.16188644,
Georgia,GEO,,,,,,,,,,,,,,,,,,,,,,,,,,,,,,,,,,,,31.96689003,20.96365173,16.53898152,13.93639576,8.28515782,4.946996466,10.33460655,7.144197182,8.551800379,15.85686878,13.22704458,14.17766199,11.58085958,17.44001143,15.15540663,15.06112736,9.026025964,10.39356715,16.05599227,16.251257,20.36903338,19.5508902,19.90267558,15.78203002,15.09459288,16.72102408,15.5689088,14.74989399,16.38323783,
Ghana,GHA,,,,,,,,,,,,,,,,,,,,,,,,,,,,,,,10.40729906,9.282934822,8.927137997,9.200231977,,,,,,,,31.24842773,17.21113703,25.48575192,30.34668953,29.30383569,26.74734192,29.78665842,25.57377079,32.14649632,30.41655838,30.64691904,26.39719648,27.99174149,23.60049306,26.91050687,24.66263706,23.35413539,20.68266727,19.86715364,19.38844471,19.3496439,21.83419678,,
Gibraltar,GIB,,,,,,,,,,,,,,,,,,,,,,,,,,,,,,,,,,,,,,,,,,,,,,,,,,,,,,,,,,,,,,,,,
Guinea,GIN,,,,,,,,,,,,,,,,,,,,,,,,,,,,,,40.35883725,41.79648241,40.23778821,32.27840629,,,,,,,,,,,,,,,,,,,,,,,,,,,,,,,,
"Gambia, The",GMB,,,,,,,,,,,,,,,,,,,,,,,,,,,,,,,28.87025376,,,,,,,,,,,,,,,,,,,,,,,,,,,,,,,,,,
Guinea-Bissau,GNB,,,,,,,,,,,,,,,,,,,,,,,,,,,,,,,,,,,,,,,,,,,,,,,,,,,,,,,,,,43.03655904,39.11127939,38.14347753,49.45588715,35.12391342,38.71452544,31.84692382,
Equatorial Guinea,GNQ,,,,,,,,,,,,,,,,,,,,,,,,,,,,,,,,,,,,,,,,,,,,,,,75.75967448,79.51991877,77.4350569,61.75567652,71.52968112,75.2156647,68.72077636,65.94963826,65.71580789,56.54510229,62.02308944,65.61505239,68.8398309,50.00304327,44.26837618,64.93106981,75.06231454,,
Greece,GRC,,,,,,,,,,,,,9.219210072,9.718607677,9.748121347,11.68672014,9.27232497,8.769149498,7.671806041,7.556398016,10.59673331,10.65894376,12.7258751,11.31773327,11.97880117,11.6285528,11.46042693,12.61417848,13.55522506,13.97843345,12.98572201,,,,,,,,,,,,,,16.64209845,14.09059086,15.75383196,16.13864336,15.95694108,13.91768275,15.69942972,16.54161996,15.74325182,20.02334948,14.50723125,15.86916207,14.60799299,12.18759716,11.92460782,12.95793363,15.16812865,15.12392456,13.39850316,13.85511333,
Grenada,GRD,,,,,,,,,,,,,,,,,,,,,,,,,,,,,,,,,,,,,,,,,,,,,,,,,,,,,,,,,,,,,,,,,
Greenland,GRL,,,,,,,,,,,,,,,,,,,,,,,,,,,,,,,,,,,,,,,,,,,,,,,,,,,,,,,,,,,,,,,,,
Guatemala,GTM,,,,,,,,,,,,,,,,,,,,,,,,,,,,,,,12.38964709,16.59838894,19.4116876,10.21298412,9.415885658,5.984353318,3.140443357,6.416199955,6.768537877,4.98531259,6.169555076,10.03172397,4.538948686,4.019618011,3.627368782,3.787423898,4.349454514,3.867070388,3.796514925,3.579947508,3.92916327,3.361081078,3.580670689,2.738634267,6.307835871,5.142480196,6.377339597,3.683474815,3.813458322,4.165484019,3.252382776,2.99191686,3.030220078,4.285927711,
Guam,GUM,,,,,,,,,,,,,,,,,,,,,,,,,,,,,,,,,,,,,,,,,,,,,,,,,,,,,,,,,,,,,,,,,
Guyana,GUY,,,,,,,,,,,,,,,,,,,,,,,,,,,,,,,,,,,,,,,,,,,,,,,,,,,,,,,,,,,,,,,,,
High income,HIC,,,,,,,,,,,,,,9.847427354,10.35228362,9.900990099,10.04909162,9.939102323,10.26086957,10.41699106,10.2655317,10.75321299,12.7258751,11.12624747,11.71636086,11.84514667,11.69772915,11.44828161,10.25414526,11.19121822,11.08754221,10.66655169,11.24678093,10.80073067,9.45639851,,,9.933420621,9.248719023,9.642380804,,9.349383181,9.457804073,10.76764243,9.002511312,9.709898336,10.02566701,10.29158133,10.00312006,11.14968564,12.69562441,11.05731513,12.26508396,11.7352965,11.50368148,11.41869441,10.7970243,10.42355301,10.65096263,11.42163833,10.90573067,10.59133018,10.70195643,,
"Hong Kong SAR, China",HKG,,,,,,,,,,,,,,,,,,,,,,,,,,,,,,,,,,,,,,,,,,,,,,,,,,,,,,,,,,,,,,,,,
Honduras,HND,,,,,,,,,,,,,13.66731518,12.90322581,10.68345324,12.52027246,13.49897541,8.324596351,5.721440955,8.676377454,6.508954825,5.679978413,,,,,,,,,,,,,,,,,,,,,,22.31907283,21.2711762,22.80286216,21.88451805,19.78968579,23.79354423,23.07801472,20.96922209,19.56686151,19.74967749,20.38954968,18.26159106,12.69196933,,,,,15.65667205,,,,
Heavily indebted poor countries (HIPC),HPC,,,,,,,,,,,,,,,,,,,,,,,,,,,,,,,,,,,,,,,,,,,,,,,,,,,36.23490548,30.38298634,27.08385724,27.99174149,23.60049306,23.75434752,20.59052099,23.232376,21.55130895,21.29300245,22.4186845,19.00475681,,,
Croatia,HRV,,,,,,,,,,,,,,,,,,,,,,,,,,,,,,,,3.351648352,7.624107731,6.789082568,3.904519328,,,,,,,,,,,,,,,,,,,,,,,,,,,,,16.32259256,
Haiti,HTI,,,,,,,,,,,,,,,,,,,,,,,,,,,,,,,,,,,,,,,,,,,,,,,,,,,,,,,,,,,,,,,,,
Hungary,HUN,,,,,,,,,,,,,,,,,,,,,,16.12284069,14.63414634,11.92982456,12.18236173,15.31464637,11.65128543,10.0090854,11.74832257,14.50075807,15.53485849,15.42040816,13.45710996,13.62564828,16.11298889,9.161562328,11.90301913,9.901263161,8.737229717,7.968707033,7.639081842,8.020312483,7.189214988,7.223156714,8.999717907,8.893568857,10.39238211,9.296801228,9.446522219,11.54693148,12.70753903,12.20368406,13.42253264,14.72290715,14.61795081,15.83085914,11.3442953,12.85638865,13.83232439,14.88859596,15.2387735,15.53349934,15.53131967,,
IBRD only,IBD,,,,,,,,,,,,,,,,,,,,,,,,,,,,,,,,,,,12.38412678,,,12.87601349,13.2150365,13.95430735,15.88158357,16.71442798,16.58576201,14.51587183,15.76451622,14.1763222,14.13041041,15.53233739,14.93439464,15.8260015,15.04941346,14.34420867,14.07946457,14.8596258,16.61329591,19.66867728,17.77261291,18.73297963,17.57345994,18.51579793,16.99283551,18.1174591,17.05066015,16.3529152,
IDA & IBRD total,IBT,,,,,,,,,,,,,,,,,,,,,,,,,,,,,,,,,,,,,,,,,,,,,,,,,19.64220658,22.4315305,21.88917509,19.56686151,19.9868983,21.16972098,21.25136667,20.90397149,19.69763439,19.94184252,19.89514428,19.83829219,19.16732074,18.72385086,18.48043024,,
IDA total,IDA,,,,,,,,,,,,,,,,,,,,,,,,,,,,,,,,,,,,,,,,,,,,,,,,,,,35.98056408,29.72516615,27.770518,28.82748696,23.59415588,23.00283671,20.07434691,22.81581619,21.18910114,20.64874848,19.71064353,20.23136932,,,
IDA blend,IDB,,,,,,,,,,,,,,,,,,,,,,,,,,,,,,,,,,,,,,,,,,,,,,,,,,,,20.57948339,28.49014048,,18.93887556,16.77216881,19.68423168,19.3747416,19.1566259,20.4025832,16.98976707,19.96756526,,,
Indonesia,IDN,,,,,,,,,,,,,11.80124224,8.529411765,6.710310966,9,6.772237197,7.292239956,7.035175879,7.858156028,4.881798962,13.84872484,6.671868904,10.5666946,18.70860927,12.70949034,29.68955168,24.02647189,11.0137828,8.300965868,5.394530658,7.820346576,12.13367558,15.93451472,10.25467529,9.431428145,13.34381818,8.843062388,6.2148465,7.718795456,,36.10749675,26.17572991,25.49041508,30.15124261,,,,32.88979655,26.95227384,,,,,,,,,,,,,,,
IDA only,IDX,,,,,,,,,,,,,,,,,,,,,,,,,,,,,,,,,,,,,,,,,,,,,,,,,,,36.23490548,,27.08385724,29.66323244,23.6034965,24.21490095,21.04859174,23.2932557,21.86249104,21.93725643,22.4186845,20.42881904,,,
Isle of Man,IMN,,,,,,,,,,,,,,,,,,,,,,,,,,,,,,,,,,,,,,,,,,,,,,,,,,,,,,,,,,,,,,,,,
India,IND,,,,,,,,,,,,,,,14.36107082,17.87697565,19.10565205,22.61832656,19.90677059,18.12337574,18.84819955,18.91712932,20.7108711,18.14721808,20.97110917,20.65100058,20.97457627,21.17038866,20.2567965,23.56946212,20.14188131,21.86858911,24.17658287,26.2997695,25.07546251,24.69922726,25.06239419,25.04452827,26.48121,26.47658886,24.91542423,26.93039991,25.41282038,23.51595775,21.07806711,18.6398817,16.65337105,16.35657943,14.0807067,14.18263141,21.15827859,11.5817689,13.94969024,12.64724344,13.55984686,14.86263852,13.22487666,10.5450064,8.863900137,,,,26.01753968,,
Not classified,INX,,,,,,,,,,,,,,,,,,,,,,,,,,,,,,,,,,,,,,,,,,,,,,,,,,,,,,,,,,,,,,,,,
Ireland,IRL,,,,,,,,,,,,,11.51079137,9.976247031,10.77405858,10.83540116,10.37446286,11.58820486,12.23404255,15.02932551,14.98591549,13.86943754,15.65899768,16.43646409,14.42682248,15.67835267,13.58955036,14.44328341,9.659643436,9.049822447,10.934788,13.07065192,12.45829751,12.62184661,9.347819552,,,,,,,,,,,,,,,,,,,,,,,,,,,,,,
"Iran, Islamic Rep.",IRN,,,,,,,,,,,,,63.81987578,68.83673469,86.95256114,80.62453897,79.04731761,76.35551097,64.99712147,73.97360292,68.1958042,62.8556567,69.39554534,65.04776538,59.07722163,51.38509296,31.88082491,41.21137305,41.29141566,51.47780679,59.88061055,51.16678597,51.01987618,74.72868217,74.92569139,66.16186361,59.46269817,46.50342974,39.26419439,51.3632868,61.4168827,57.19568202,67.13482447,64.95371034,66.00168448,68.02713844,66.82516293,66.56579461,61.64433515,52.3142605,,,,,,,,,,,,,,,
Iraq,IRQ,,,,,,,,,,,,,,,,,,,,,,,,,,,,,,,,,,,,,,,,,,,,,,,,,,,,,,,97.60930206,95.68191017,92.4676691,92.22720163,94.91930451,96.5169344,,,,,
Iceland,ISL,,,,,,,,,,,,,7.803617571,13.13485114,9.773712085,10.44724573,10.13770492,10.79992507,11.80822556,11.62516183,11.60731755,11.3583863,13.19141819,14.59793508,14.79741682,15.54332408,15.64925248,16.31373432,16.6813856,16.86390125,14.29433159,12.94651051,14.51347345,14.41217121,15.07532912,15.05891515,14.05728985,13.99550541,13.11395689,12.95466394,13.01172491,15.42758087,14.65554744,13.03773598,12.63494013,21.63994132,23.5391592,24.72112266,36.97167146,34.24225871,25.11098288,27.02442348,27.26470397,25.60933179,20.91412917,19.74454212,14.87003178,19.61664243,20.43540684,17.92599655,14.25085985,16.08519483,18.68102707,17.23552214,
Israel,ISR,,,,,,,,,,,,,10,42.10526316,15.38461538,26.19047619,25.80645161,24.44444444,25.69444444,26.2295082,28.1205165,27.08860759,22.78447824,31.39041776,37.75425631,39.10229177,35.63898872,31.29089738,24.85671789,26.67607639,27.48037638,26.4583694,25.58554077,22.76804837,19.67539332,18.7965586,22.47548428,20.26739573,21.45360292,20.10198691,18.59633586,18.40140327,20.06717997,19.09791786,17.66284473,16.55339287,17.25696761,15.79690674,16.07058892,15.34512219,15.5092197,14.69117868,15.26270626,14.10771586,14.14365548,14.07225766,13.35298218,12.58001537,12.91648738,12.65465003,12.31338684,11.09886028,11.73879772,13.27215132,
Italy,ITA,,,,,,,,,,,,,,8.440096599,5.770082927,5.901094712,6.502038967,7.334636689,10.50088391,11.88696599,10.01083476,8.171819508,7.321673249,7.242438819,7.253585114,6.178926013,5.254217012,4.686691765,3.081706461,3.087551699,,,,,,6.062076379,5.745887108,5.310616477,5.264922567,5.616599532,4.600068435,5.316335386,5.250917277,4.900319526,4.946439643,4.801400362,5.060216243,4.399444301,4.627029823,5.80412691,5.340382757,4.848065455,4.742735822,5.139701927,5.598386707,6.218494388,6.152463117,6.332562771,6.477560554,6.457800686,6.111041455,7.137142322,7.747232692,7.778265947,
Jamaica,JAM,,,,,,,,,,,,,,,,,,,,,,,,,,,,,,,,,,,,,,,,,,,,,,,,,,,,,,,,,,,,,,,,,
Jordan,JOR,,,,,,,,,,,,,,,,,,,,,,,,,,,,,,,42.31112864,46.39042023,33.45502102,36.64012602,34.85307426,35.50677729,32.74260857,35.4582435,36.20829228,39.41802771,34.64017802,34.71489217,37.94743262,43.49475715,37.66624239,28.28655352,23.94299205,24.12186831,21.05140976,35.84888968,35.51804748,43.05399065,33.21132501,36.19330416,44.16038307,39.45676324,39.6062012,41.34972795,43.94772531,39.52000825,29.35167665,30.68044109,32.09894548,32.30932435,
Japan,JPN,,,,,,,,,,,,,,,,,,,,,,,,,,,,,,,,17.09570156,18.06237493,18.16128063,,,,,,,,,,,,,,,,,,,,,,,,,,,,,,,
Kazakhstan,KAZ,,,,,,,,,,,,,,,,,,,,,,,,,,,,,,,,,,,,,,5.71190353,8.764259754,26.29296952,24.43122275,31.29617592,16.5083348,13.84659925,14.56788712,,,,,,27.5594893,22.89213062,39.28628021,20.6719774,25.46687336,25.97685373,26.18502747,34.8101618,25.84376008,23.99982666,21.41454035,27.80852342,31.79765939,29.6281285,
Kenya,KEN,,,,,,,,,,,,,,,,,,,,,,,,,,,,,,,,,,,,,,,,,,,,,,,,,,,,,,,22.55546456,23.26940257,20.26097937,26.5734779,21.18910114,20.15641792,17.42927166,21.09545835,24.0919367,21.31437415,
Kyrgyz Republic,KGZ,,,,,,,,,,,,,,,,,,,,,,,,,,,,,,,,,,,,,,,,,,,,,,,,,,,,,,,27.69471645,30.66158071,25.36964867,26.20658378,21.17948293,24.95343056,27.40617005,26.42410376,22.63446439,23.44352305,
Cambodia,KHM,,,,,,,,,,,,,,,,,,,,,,,,,,,,,,,,,,,,,,,,,,,42.12051479,34.17055288,30.32051565,35.14551754,28.16523947,27.30315509,28.54810576,36.40855221,39.43465036,32.84900432,39.656612,32.48231083,23.5878187,21.24279019,25.26864256,22.81581619,22.69224938,20.39517091,18.20089309,16.93134595,16.15365093,17.51724789,
Kiribati,KIR,,,,,,,,,,,,,,,,,,,,,,,,,,,,,,,,,,,,,,,,,,,,,,,,,,,,71.79658341,75.92664496,80.05912634,83.84526483,82.40972558,74.72643813,78.49013547,83.6347343,79.62037967,79.56993401,74.04354425,74.36102622,80.37299988,
St. Kitts and Nevis,KNA,,,,,,,,,,,,,,,,,,,,,,,,,,,,,,,19.84761197,14.19939577,17.7787344,17.01410178,20.96888946,,,,,,28.43547773,32.76933702,12.67093032,15.5521058,15.3381393,11.78893367,9.289046162,13.15362054,26.33845076,34.68599682,38.95000611,43.19298326,51.97984836,56.12080979,50.45022485,46.14388657,41.68127732,40.54154303,,,49.2507775,,,,
"Korea, Rep.",KOR,,,,,,,,,,,,,16.81109185,13.33333333,10.03898635,9.407216495,8.686257563,9.564329476,9.353574927,10.02604167,12.4666073,13.69814858,13.63037975,10.5973025,11.45392055,11.8940166,11.69772915,9.832522961,9.615214115,12.18335817,9.284437636,10.2453544,11.76113833,12.43553469,13.04646296,12.06852756,12.60560919,13.41415032,17.73350913,17.15009356,17.66892599,17.60071941,17.99861225,17.11061023,16.96637145,16.22287895,16.84787092,17.54888809,16.3292032,16.58610346,17.02450573,16.98919738,23.88171298,23.47367851,22.20413079,21.22940281,20.34626625,19.32339208,18.5285262,19.13970549,18.72659107,17.91162491,16.83437385,18.27798811,
Kuwait,KWT,,,,,,,,,,,,,9.868421053,13.97694524,54.25844347,,,93.743727,89.35960591,95.90996432,96.97802198,95.8819817,94.9906367,95.24728589,95.38779257,96.7053242,97.70236088,,,,97.36842105,96.94656489,99.14529915,96.51521835,95.87426326,96.88546551,97.27136432,97.42181905,96.58959538,,,,,,,,,,,,,,,,,,,,,,,,,,
Latin America & Caribbean (excluding high income),LAC,,,,,,,,,,,,,,,,,,,,,,,,,,,,,,,,,,,,,,,14.84787455,15.57400744,19.96263536,,,13.35361068,13.80164195,15.0940224,14.08315884,17.87715162,20.25962261,17.32508153,17.28473271,18.59988211,18.46042989,17.69195541,15.44554547,17.78921401,16.79272127,18.73297963,18.99570582,16.20664031,15.86686552,15.23610908,16.74740221,15.16485685,
Lao PDR,LAO,,,,,,,,,,,,,,,,,,,,,,,,,,,,,,,,,,,,,,,,,,,,,,,,,25.25822132,22.4709308,36.62452481,33.50458277,34.65725854,34.15879622,33.93179842,33.62273749,20.01624358,24.85621655,27.84692103,26.40432946,26.05178697,29.95664813,18.11717133,,
Lebanon,LBN,,,,,,,,,,,,,,,,,,,,,,,,,,,,,,,,,,,,,,24.23857022,25.64602778,27.94704348,23.91648288,24.06451007,21.25004642,23.50381025,23.55184778,27.03912687,34.8526675,32.41248039,26.2448636,23.46041876,15.42120869,23.54643231,22.62553928,23.05476887,28.3464058,26.02821323,25.16556483,24.05310791,20.91461706,20.78643633,23.16587527,18.1174591,,,
Liberia,LBR,,,,,,,,,,,,,,,,,,,,,,,,,,,,,,,,,,,,,,,,,,,,,,,,,,,,,,,,,,,,,,,,,
Libya,LBY,,,,,,,,,,,,,,,,,,,,,,,,,,,,,,,,,,,,,,,,,,,,,,,,,,,,,,,,,,,,,,,,,
St. Lucia,LCA,,,,,,,,,,,,,,,,,,,,,,,,,,,,,,,,,,,,,,,,,13.40303738,13.57546942,15.18869367,15.42336296,8.866714413,6.925479095,7.251654857,7.524044143,9.553878171,9.12747181,13.24018085,10.21571525,11.18574028,7.758795485,10.96477421,9.920216176,6.858311073,12.18523413,,,,,,,
Latin America & Caribbean,LCN,,,,,,,,,,,,,,,,,,,,,,,,,,,,,,,,,,,,,,,12.4814301,13.39115287,13.83006767,,,12.5,11.5938324,11.5751132,13.80299632,14.37738249,15.63955922,15.8260015,14.78264537,14.63051295,14.04244017,14.29623427,15.24910263,15.76182895,15.0952558,17.27093551,16.8090424,17.47146658,15.86686552,15.23610908,17.46079875,16.88354137,
Least developed countries: UN classification,LDC,,,,,,,,,,,,,,,,,,,,,,,,,,,,,,,,,,,,,,,,,,,,,,,,,,,37.19832799,32.9376382,29.99141417,31.51971439,28.79766504,25.168784,23.76462247,25.4378124,26.92583084,25.48940039,22.79387799,23.92644951,,,
Low income,LIC,,,,,,,,,,,,,,,,,,,,,,,,,,,,,,,,,,,,,,,,,,,,,,,,,,,,,,,,23.75434752,21.04859174,25.75564419,,25.48940039,27.81225511,,,,
Liechtenstein,LIE,,,,,,,,,,,,,,,,,,,,,,,,,,,,,,,,,,,,,,,,,,,,,,,,,,,,,,,,,,,,,,,,,
Sri Lanka,LKA,,,,,,,,,,,,,,,,,,,,,,,,,,,,,,,17.14604746,18.68275265,18.33492823,17.42540959,15.35060653,17.78440515,14.64372922,16.15206731,17.5445338,16.31681273,14.03814427,13.00977517,15.94843407,17.42723844,10.95182895,17.11540187,14.21201528,12.98961033,13.70307408,13.1577279,11.78649181,13.125252,13.69138464,11.46838231,10.25553675,6.154151806,12.48654581,7.960766232,10.08698257,7.104376029,9.054705864,8.961041003,11.13197975,10.32755638,
Lower middle income,LMC,,,,,,,,,,,,,,,,,,,,,,,,,,,,,,,,,,,,,,,,,,25.02938976,23.26759378,24.50085483,23.25148065,27.6628402,23.31053997,24.12186831,23.79354423,23.07801472,22.7095039,26.70698628,25.72845562,25.33101611,23.18593927,21.45689213,19.85693899,21.74931338,20.79864216,19.98893702,18.94619677,19.1570742,,,
Low & middle income,LMY,,,,,,,,,,,,,,,,,,,,,,,,,,,,,,,,,,,,,,,,,,,,,,,,,20.9642242,22.77447276,22.7989362,22.06325736,21.32217853,22.96536404,21.86954864,20.90397149,19.69763439,19.94184252,19.89514428,19.86715364,18.94619677,18.48684296,18.12408422,,
Lesotho,LSO,,,,,,,,,,,,,,,,,,,,,,,,,20.57415868,,19.58676736,27.78487562,28.90024299,34.36848721,,37.75142846,33.6982058,35.7862619,38.81796684,41.89016624,41.16940451,37.99147056,39.11699343,32.8800132,42.34407437,35.76219976,38.71484463,35.14554093,33.15047763,34.304687,37.63746189,36.04722535,38.59118973,37.49807676,45.6169224,41.22992507,41.05047364,38.21571327,34.00236119,33.63906402,35.17682449,33.46112327,33.21287518,31.70605644,34.7100337,38.06504162,36.58178665,,
Late-demographic dividend,LTE,,,,,,,,,,,,,,,,,,,,,,,,,,,,,,,,,,,,,,15.94463795,14.98375536,14.72957528,,,15.94843407,14.51587183,,,14.19483863,12.98961033,14.1014993,15.51662384,14.89830564,13.42353848,13.57089592,13.76103404,16.251257,18.03012856,16.42345663,16.29667075,16.05223481,16.64279908,16.72102408,18.1174591,14.76957675,17.80297584,
Lithuania,LTU,,,,,,,,,,,,,,,,,,,,,,,,,,,,,,,,8.476819212,,10.23622047,4.265497808,,,,,,,,,,9.005304717,10.63122659,9.11412335,10.59351151,10.18599964,12.73936763,16.99342355,16.1928126,15.90459198,14.79360702,13.27396038,12.76224481,10.29460617,9.097722528,9.907908353,10.54357018,9.709478968,8.589397831,8.053366588,9.220356383,
Luxembourg,LUX,,,,,,,,,,,,,10.92983154,9.825875168,9.458082176,9.448349197,9.587327122,9.486768403,9.850900476,11.11053781,14.76356291,14.82261933,14.68798713,11.00639031,11.16638628,11.90029967,10.02203847,8.173562059,7.683273786,9.968151005,12.07102018,13.56289614,13.48765215,8.679696337,8.403203575,,,,,,,,,,,,,,,,,,,,,,,,,,,,,,
Latvia,LVA,,,,,,,,,,,,,,,,,,,,,,,,,,,,,,,,,,,6.592547389,13.09124032,11.47643295,14.58951427,12.85635007,11.30282743,10.84157665,9.349383181,11.38233449,11.06808332,15.03479878,14.78398816,16.54316645,13.47810611,14.1014993,20.16194183,23.68757165,22.73675901,21.22827742,19.53321369,18.86112761,18.03012856,15.97518838,15.65663159,17.88160638,16.44161205,18.79022867,17.49086669,14.78925951,19.96691625,
"Macao SAR, China",MAC,,,,,,,,,,,,,,,,,,,,,,,,,,,,,,,,,,,,,17.50945371,12.93077092,19.900957,29.52970474,16.04943043,17.84539988,13.39156887,12.62444314,9.795966108,13.69190074,13.01506501,11.72358007,8.540547978,10.56431687,5.680399581,5.83624754,5.326751681,4.77820724,5.718407897,8.03050244,7.957821238,8.73831476,5.920439892,9.146514314,20.52477001,20.48427071,17.54593487,15.91464295,
St. Martin (French part),MAF,,,,,,,,,,,,,,,,,,,,,,,,,,,,,,,,,,,,,,,,,,,,,,,,,,,,,,,,,,,,,,,,,
Morocco,MAR,,,,,,,,,,,,,,,,,,,,,,,,,,,,,,,11.31239859,10.27041082,9.46201182,15.014544,14.18352039,14.26448945,,12.10973077,11.60111198,13.21864904,,,17.8201767,14.70178074,17.14016082,16.39936777,18.02192031,16.05495581,15.23777244,18.13788257,14.89830564,14.34420867,14.74923011,19.736073,21.40549439,19.52075549,17.77261291,17.3572834,16.32243959,16.84398612,25.83881909,19.1570742,18.11410101,21.21498976,
Monaco,MCO,,,,,,,,,,,,,,,,,,,,,,,,,,,,,,,,,,,,,,,,,,,,,,,,,,,,,,,,,,,,,,,,,
Moldova,MDA,,,,,,,,,,,,,,,,,,,,,,,,,,,,,,,,,,,,2.367030458,11.79891103,20.6155633,16.03111495,17.31740208,23.39572801,19.28116226,19.66341739,18.2477497,17.49522499,20.39699881,15.35497142,16.40445356,14.10336789,15.37875448,16.64314222,13.42353848,12.59932481,12.36912641,14.31351003,10.31812797,6.575824468,5.606734467,4.634447006,6.419730326,5.202023248,7.34273693,9.358283094,9.496520238,
Madagascar,MDG,,,,,,,,,,,,,,,,,,,,,,,,,,,,,,,6.743986254,5.002826456,3.872120731,5.305755396,6.185704743,2.428832593,,,,,,,,34.29810953,46.4546932,39.47540205,50.31721638,29.43588649,33.11542652,14.78716704,24.27561644,16.28008233,14.89414143,12.89341273,21.09723895,15.33769289,26.27364478,22.15686765,22.17367314,24.16521609,22.4186845,8.982013731,14.37480143,20.60556224,
Maldives,MDV,,,,,,,,,,,,,,,,,,,,69.87447699,71.22807018,70.80200501,63.60485269,57.40281224,56.26911315,43.19899244,57.45721271,55.10662177,51.46170573,,46.86921082,53.87328379,46.01462304,47.11140179,53.04210803,54.55516014,54.41994247,52.52719481,53.18188891,56.00324135,57.19653789,58.23623304,59.72181228,58.54463469,51.60987074,62.36702418,61.17090111,61.44372039,54.58984112,52.24527609,54.88949766,47.78112753,,,26.74941341,27.29345027,26.63378836,23.83039006,24.24078332,23.6318989,24.25646528,27.36525563,,,
"Middle East, North Africa, Afghanistan & Pakistan",MEA,,,,,,,,,,,,,,,,,,,,,,,,,,,,,,,,,,,,,,29.84840686,,,,,,,,,,,,,,37.26340403,33.21132501,,49.91333487,43.17070317,,,,,,,,,
Mexico,MEX,,,,,,,,,,,,,6.896551724,8.823529412,5.263157895,6.71641791,8.235294118,5.394190871,4.968944099,4.555808656,7.429420505,8.352402746,10.09296149,7.640297498,6.134309083,4.788693743,4.936578677,5.499951727,10.30018916,12.23432427,10.59368793,9.088593083,11.13634137,9.202450711,12.85932974,16.38107708,16.35750114,11.4991779,10.11498566,11.20829831,10.4749451,,,,,,,,41.94717,33.63086258,32.60363682,36.17031385,36.73949929,33.75576784,30.32063457,21.25542559,20.73199144,24.1159665,19.1911686,19.08541618,12.65085181,14.41620395,18.48043024,12.97517221,
Marshall Islands,MHL,,,,,,,,,,,,,,,,,,,,,,,,,,,,,,,,,,,,,,,,,,,,,,,,,71.55837796,71.50697675,71.74320449,70.64935837,68.75989714,69.89414268,69.74264903,70.62813919,71.37323628,74.11651774,71.56295538,70.80197851,75.77933869,,,,
Middle income,MIC,,,,,,,,,,,,,,,,,,,,,,,,,,,,,,,,,,,,,,,,16.5057012,,,17.8201767,19.48595274,17.7028621,17.11540187,16.31717299,17.14080259,18.75208343,18.15446486,18.41944098,17.96086709,18.72068447,20.00156018,18.62405436,20.4720264,19.67780767,19.38479936,19.07616586,19.34063792,17.57304123,18.25556593,17.48425704,,
North Macedonia,MKD,,,,,,,,,,,,,,,,,,,,,,,,,,,,,,,,,,,,,,,,,,,,,,14.37606842,11.39202986,11.73738699,14.63101684,13.56004217,12.13153699,10.50603318,11.77801327,13.04969839,10.29991064,11.24835257,9.564364587,10.26032279,7.770074951,10.03313152,7.128711544,8.876788337,8.086874623,8.394906715,
Mali,MLI,,,,,,,,,,,,,,,,,,,,,,,,,,,,,,,,,,,,,,,,,29.51997278,26.17555156,27.39834244,34.28151364,29.27215635,29.10158264,73.15296304,34.53634729,30.96521587,31.36125902,27.26880023,24.09270731,7.874829634,27.67427456,13.03926321,14.33480815,14.21772356,17.24963504,15.83826011,17.11955177,12.93172258,,,,
Malta,MLT,,,,,,,,,,,,,35.98039216,44.59107484,49.29435484,53.39029467,52.27738223,42.35462345,41.87455169,,23.84166491,32.45868691,35.0509038,38.73385667,40.68242825,37.46636202,33.33157701,31.04270425,35.73198872,30.97500733,34.66736147,35.53492763,26.09048686,23.87841109,26.50062963,,,,,,,,,,,,,,,,,,,,,,,,,,,,,,
Myanmar,MMR,,,,,,,,,,,,,,27.42782152,27.11528946,19.72378075,29.28257687,28.8045977,36.35272945,39.99667387,43.65320377,43.75743163,43.19219849,42.78254383,43.4974825,43.66162847,44.46560041,43.66142747,49.55087616,46.31164107,41.28320239,40.59967126,36.48313868,35.92357167,36.90636869,42.41391587,42.6284397,43.46771888,51.37540661,50.94259794,43.61061262,50.72169515,59.70892378,55.60665449,49.42609347,41.80290263,,,,,,,77.09472092,72.6366645,73.66194517,67.85617165,57.83275769,63.07803614,60.49455398,58.42766125,,,,,
"Middle East, North Africa, Afghanistan & Pakistan (excluding high income)",MNA,,,,,,,,,,,,,,,,,,,,,,,,,,,,,,,,,,,,,,24.23857022,,,,,,,,28.28655352,39.63724784,38.41067909,35.55497804,39.64065439,35.51804748,36.40198869,32.76429134,,,,,,,,,,,,
Montenegro,MNE,,,,,,,,,,,,,,,,,,,,,,,,,,,,,,,,,,,,,,,,,,,,,,,,,,,,,,,,,,,,,,,,,
Mongolia,MNG,,,,,,,,,,,,,,,,,,,,,,,,,,,,,,,,,25.26273242,12.29555592,23.39690993,27.42370165,26.33231111,22.18803728,34.27093023,29.01962134,26.0547076,26.89488371,31.24809324,27.03486156,,,16.80903587,30.64945642,16.60345202,26.05838862,23.13921328,24.5607407,27.30449171,25.42133301,30.55066022,27.93214625,25.31973046,25.97857106,24.78865431,32.37066824,36.3468479,26.26933592,,,
Northern Mariana Islands,MNP,,,,,,,,,,,,,,,,,,,,,,,,,,,,,,,,,,,,,,,,,,,,,,,,,,,,,,,,,,,,,,,,,
Mozambique,MOZ,,,,,,,,,,,,,,,,,,,,,,,,,,,,,,,,,,,,,,,,,,,,,,,,,,,36.23490548,31.8511703,27.770518,26.34995998,22.33360288,23.75434752,12.1189363,11.95962669,11.87606337,9.860371444,18.73201315,16.94490245,20.3540038,,
Mauritania,MRT,,,,,,,,,,,,,,,,,,,,,,,,,,,,,,,,,,,,,,,,,,,,,,,,,,,,,,,,,,,,,,,,,
Mauritius,MUS,,,,,,,,,,,,,,11.80614258,4.370515329,8.599916909,10.56411226,8.549266962,10.09642655,11.09308886,11.65112815,13.11625663,14.65023813,13.71905256,10.36083882,15.9216688,15.22252539,15.80431516,13.46015686,8.96195165,9.396524908,6.270451932,10.27080118,10.39851461,12.12146809,16.49133579,13.2043488,17.43314867,16.4922358,13.95430735,12.45643219,14.88254226,16.95498291,16.61764662,15.76451622,11.20388748,11.4110728,11.6129437,12.61905417,16.94678541,13.59130933,13.17197653,12.87719819,11.80635971,12.06950637,15.44250212,12.889692,14.95012646,13.78541061,10.04717399,13.09488905,9.77059119,14.56930426,11.13808172,
Malawi,MWI,,,,,,,,,,,,,,,,,,,,,,,,,,,,,,,,,,,,,,,,,,,,,,,,,,39.17988734,37.19832799,28.87965156,20.92945366,39.72043424,20.46812009,20.38362263,21.04859174,20.45796329,12.54520081,12.88489662,15.4208677,17.78688884,23.97712449,,
Malaysia,MYS,,,,,,,,,,,,,,,,,,,,,,,,,,,,,,,,,,,,,16.74624945,15.7372086,16.60595182,28.26169736,21.80411295,21.49067809,19.94276409,29.92937975,27.51262601,24.18558272,29.88012706,31.96685763,29.34795022,32.86379342,31.40418169,27.25394916,27.06385394,26.91003711,25.5730062,24.48685238,20.27949214,19.39485713,25.25844001,31.7112032,31.40168639,25.68914363,29.07732751,27.23338593,
North America,NAC,,,,,,,,,,,,,5.713217074,7.854390424,7.913694979,7.266056304,6.989005337,6.980689989,6.579926543,7.736073022,8.239906206,9.09360884,9.423750398,11.12624747,10.20715002,10.16615074,9.536248436,8.753379789,8.124084482,7.968085615,9.398201071,11.19333537,9.210692607,9.062710712,8.397296798,9.1069104,8.241691536,8.389816784,7.913499104,7.721925911,7.922988914,6.911575825,6.738872259,6.545171006,5.719036571,5.514229212,5.747645633,6.177549756,6.535823027,7.470734381,8.107913374,7.908150969,7.835302476,8.797017877,7.548679175,7.194784137,6.697104549,7.190912073,7.193939458,6.718429263,5.927639225,6.973669069,5.422121646,4.710223968,
Namibia,NAM,,,,,,,,,,,,,,,,,,,,,,,,,,,,,,,17.24378456,15.42311192,16.15965038,10.29502052,14.06061603,11.37323252,11.75297096,9.559487752,10.2852204,9.038644479,9.075057717,9.359767547,12.10865254,11.25805687,8.545376955,9.042993631,10.43339122,7.90886111,9.950827602,7.750374472,8.41735731,9.699782348,7.369724918,8.566248696,6.529466687,6.53441474,3.715284907,3.548230022,5.196117495,5.140453062,5.181130295,6.236891936,12.421069,6.659739991,
New Caledonia,NCL,,,,,,,,,,,,,,,,,,,,,,,,,,,,,,,,,,,,,,,,,,,,,,,,,,,,,,,,,,,,,,,,,
Niger,NER,,,,,,,,,,,,,,,,,14.90569132,17.78503878,16.87705927,16.57794191,15.27444143,,,,,,,,,,,,,,,,,,,,,,,,,,,,,,,,,,,,,,,,,,,,
Nigeria,NGA,,,,,,,,,,,,,,,,,,,,,,,,,,,,,,,,,,,,,,,,,,,,,,,,,,,,,,,,,,,,,,,,,
Nicaragua,NIC,,,,,,,,,,,,,,,,,,,,,,,,,,,,,,,20.33734005,42.56063362,22.10392214,31.47945408,24.14522417,31.16892265,27.53211348,19.51267785,17.49318726,29.06234132,26.67907018,25.02938976,23.26759378,22.95719947,22.95111352,21.71992427,23.31053997,22.48486514,19.64220658,17.68272169,15.86119386,15.57512597,14.91815992,12.66782045,12.2381881,12.02088214,12.68791899,11.54952631,10.97025625,10.48927815,10.23077843,10.28656837,8.559237442,7.904086464,
Netherlands,NLD,,,,,,,,,,,,,,5.076405076,6.665923531,8.252988816,10.0677881,9.939102323,9.80446733,9.694108517,11.01995042,13.19966583,13.52461174,13.29885115,14.99734261,15.89604665,15.44163615,10.92842898,9.097213193,8.995534747,8.976416842,8.540097475,8.702973845,8.345071632,7.890779851,8.850822462,9.451988814,8.583378922,7.99452736,6.709337303,7.418534125,9.11556483,7.98561419,8.322378717,8.956544471,8.858975839,9.542354255,9.03532123,11.04330915,10.7524398,10.47126915,10.63907716,11.20033599,11.80911216,9.547285894,8.308895764,6.638416598,6.145084837,5.829354025,5.358683641,4.604401923,5.166013116,7.003639944,4.826769748,
Norway,NOR,,,,,,,,,,,,,9.919082579,10.149859,10.35228362,9.970753414,10.63018919,8.30004739,9.901073916,10.08139184,10.1213714,10.46624558,11.5754378,16.61130507,15.44209407,15.46535696,17.67159898,18.72146296,21.87565587,23.72248255,25.36605974,23.41533606,22.26909414,22.41072654,21.41006931,,,,,,,,,,,,,,,,,,,,,,,,,,,,,,
Nepal,NPL,,,,,,,,,,,,,,,,,,,,,,,,,,,,,,,31.49662955,34.82624254,32.37483778,35.39456233,27.4277906,27.17523943,30.93298543,30.6397211,29.32234731,26.22791293,27.95392807,26.52980208,28.41229683,34.49973007,32.21180907,34.38358789,31.71595176,30.39616236,29.41936083,29.49748922,26.11069838,28.33245916,25.72845562,21.66746455,22.78405984,20.90397149,19.65118671,15.30439071,17.90498114,14.49815058,21.64240552,15.51578511,,,
Nauru,NRU,,,,,,,,,,,,,,,,,,,,,,,,,,,,,,,,,,,,,,,,,,,,,,,,,,,,,,,80.02804054,82.92533255,75.33423729,77.60755126,74.43910111,75.74964449,71.57864402,,,,
New Zealand,NZL,,,,,,,,,,,,,10.04203643,8.720487433,8.138417174,8.867276888,10.03039514,10.0776699,11.43767705,11.56382823,10.2655317,9.572176054,9.657265262,10.59687473,12.50821948,15.17968149,15.42404023,18.41847867,15.00203832,,,,,,,,,,,,,13.69740229,15.55020894,14.8440639,15.13858938,16.0276549,13.55360755,14.50219408,13.17289516,13.39001359,15.66282171,20.57956667,15.17240521,14.68537231,14.7539926,13.64513131,13.79239572,13.09525612,12.43335767,12.31104736,11.92595529,9.745576335,9.288389877,,
OECD members,OED,,,,,,,,,,,,,10.04203643,8.973128599,9.748121347,9.750399766,9.293696731,9.557688676,9.99669959,10.05371676,10.16305109,10.46624558,10.83419964,10.5973025,11.30444765,11.6285528,11.65128543,11.2764793,10.30018916,12.18335817,11.0111651,10.66655169,11.24678093,10.80073067,9.45639851,11.05186538,9.87558599,9.933420621,9.521086108,9.339130991,9.549649464,8.482013013,8.530712316,8.732385546,8.861220955,9.130904845,9.699493745,9.620493658,10.35629578,11.14968564,12.49725598,11.05731513,12.26508396,11.4992377,10.54302682,10.86869018,9.920248221,9.643975196,10.14505168,10.63461188,10.54764125,9.914688202,10.64056928,11.66760795,
Oman,OMN,,,,,,,,,,,,,,,,,,,,,,,,,,,,,,,,,,,,,,,,,,,,,,,,,,,,,,,,,,,,,,,,,
Other small states,OSS,,,,,,,,,,,,,,,,,,,,,,,,13.71905256,10.36083882,15.9216688,15.22252539,15.80431516,13.46015686,8.96195165,9.396524908,5.858961375,11.66944731,9.139242669,8.520123537,13.88282656,11.21906519,13.83128178,13.00666095,11.02140443,12.01795599,10.78459831,10.8555911,12.60417691,11.77029259,10.88770397,11.4110728,11.6129437,11.38553074,15.83938436,13.52902167,13.3369411,13.22404705,11.80635971,11.78659393,13.43059826,12.75526233,12.5503873,13.18403021,10.69365657,10.90573067,10.08380007,12.83804997,11.13808172,
Pakistan,PAK,,,,,,,,,,,,,,14.90505605,11.97411003,14.25838628,17.85277053,18.27132971,18.35599741,18.31630972,17.128331,16.07064662,17.51558662,18.60391398,21.01535637,22.9372186,21.6426464,,24.66697547,25.03488734,,,,,,,,19.47520318,20.78171554,16.69458968,25.52016456,,,,,,,,,,,,,,,,,,,,,,,,
Panama,PAN,,,,,,,,,,,,,,,,,,,,,,,,,,,,,,,,,,,,,,,,,,,,,,,,,,,,,,,25.25378897,24.41823781,21.5141831,28.7519943,28.22566069,27.73336421,30.61523223,33.57355719,,,
Peru,PER,,,,,,,,,,,,,13.46153846,11.53846154,11.94029851,11.23595506,11.40350877,10.06289308,7.224334601,10.16333938,7.654563297,9.258043336,9.496981891,10.08560728,16.71551183,11.44726961,9.716536479,6.738528243,7.444168734,4.45392719,6.558026285,7.384777101,8.635586422,8.471483539,12.64678547,11.16577683,13.66002513,12.87601349,14.84787455,17.19669694,20.44469511,15.37742611,16.02199609,13.35361068,11.62173187,15.0940224,13.80299632,14.37738249,13.24462932,13.88010464,14.78264537,14.63051295,14.04244017,14.25556759,13.58135469,13.68325352,13.39779034,15.80889138,14.55122921,16.20664031,16.8724422,15.23610908,,,
Philippines,PHL,,,,,,,,,,,,,,,,,,,,,,,,,,,,,,,14.15799004,15.8518457,13.34144397,11.0378467,11.40945514,8.237216711,9.11462515,10.86686202,9.594876714,8.98825474,11.27168355,13.82469654,12.52119637,14.234515,14.66070497,13.48822952,11.84544789,10.93712858,10.53630095,12.59924619,9.462821172,11.58277615,10.85329096,10.36974306,9.847490349,11.29983804,9.807873953,8.964280644,9.480139901,9.844209969,12.29433588,8.734678255,9.129708603,10.30404455,
Palau,PLW,,,,,,,,,,,,,,,,,,,,,,,,,,,,,,,,,,,,,,,,,,,,,,,,,61.21581918,61.59794179,63.55867873,60.21657925,58.97680453,54.96376348,55.89381245,50.76446063,52.59550497,50.29063986,52.29134673,56.63760816,63.34603975,,,,
Papua New Guinea,PNG,,,,,,,,,,,,,,,,,,,,,,,,,,,,,,,37.84687797,46.9014433,30.27472823,25.70698012,18.9010656,23.09400671,16.31561234,19.54963634,20.19785614,22.44095708,32.98898398,9.307774889,7.973967942,,,,,,,,,,,,13.83494737,16.77216881,19.68423168,20.68281056,25.62827334,21.25876977,18.94619677,19.70376121,11.24513705,11.01979911,
Poland,POL,,,,,,,,,,,,,,,,,,,,,,,,,5.198890903,4.16923755,7.961236733,6.552607253,5.385453555,,,,,,10.26796866,,,,,,,,,,,,,,,,,,,,,,,,,,,,,,
Pre-demographic dividend,PRE,,,,,,,,,,,,,,,,,,,,,,,,,,,,,,,,,,,,,,,,,,,,,,,,,,,40.14847938,,29.77566864,31.3295463,28.79766504,24.67545438,21.04859174,27.7937031,25.07218742,24.16521609,22.58730525,21.09545835,,,
Puerto Rico (US),PRI,,,,,,,,,,,,,,,,,,,,,,,,,,,,,,,,,,,,,,,,,,,,,,,,,,,,,,,,,,,,,,,,,
"Korea, Dem. People's Rep.",PRK,,,,,,,,,,,,,,,,,,,,,,,,,,,,,,,,,,,,,,,,,,,,,,,,,,,,,,,,,,,,,,,,,
Portugal,PRT,,,,,,,,,,,,,,,,7.62800418,5.886970173,7.407407407,8.141674333,9.764065336,7.859798194,7.020511736,6.252117926,8.789840637,7.551945997,6.901030392,11.76911544,13.20427078,10.2055209,17.62211788,16.89161068,,,,,,,,,,,,,,,,11.27240345,12.01483243,11.53565778,12.42799636,11.81784863,11.39801072,14.75048186,13.05097051,12.54185769,11.47666846,11.05152899,10.19022786,10.31327809,10.57556718,10.18955184,13.00187239,10.05611182,10.67003923,
Paraguay,PRY,,,,,,,,,,,,,,,,,,,,,,,,,,,,,,,,,,,,,,,,,,,,,,28.13035843,28.29361501,28.35928699,25.78292257,26.25482619,23.41795661,23.97993478,24.91788936,22.96536404,15.24910263,19.81659907,27.90958893,18.73297963,21.7487276,35.1018879,19.84584638,17.35157122,16.03400566,20.64397894,
West Bank and Gaza,PSE,,,,,,,,,,,,,,,,,,,,,,,,,,,,,,,,,,,,,,,,,,,,,,44.36070231,46.6509079,51.94864741,66.30923359,51.80293949,44.58355641,37.26340403,32.76429134,40.53671292,35.55314706,26.3716163,26.77861318,23.45035528,24.36382721,20.1107204,19.81924661,14.56731516,,,
Pacific island small states,PSS,,,,,,,,,,,,,,,,,,,,,,,,,,,,,,,,,,,,,,,,,,,,,,,,,,,,,,,,,,,,,,,,,
Post-demographic dividend,PST,,,,,,,,,,,,,,8.846808016,9.007588258,9.407216495,9.27232497,9.551047875,9.80446733,10.02604167,10.1213714,10.09062065,10.68729894,10.59708862,11.30444765,11.6285528,11.46042693,10.92842898,10.2055209,10.15575504,10.41426454,10.2453544,9.824975065,10.22755241,9.120899261,8.850822462,7.398889919,6.832418134,7.170064236,7.203320626,7.528807984,8.267900255,7.98561419,8.383898434,8.610357963,8.893568857,9.345688603,9.458647443,9.617650848,10.61034356,10.55098948,10.67784835,10.66626854,10.88445021,10.3662948,10.16445435,9.217465509,8.897547235,9.057032255,8.971852085,9.431195932,9.166472191,9.589430846,10.00018137,
French Polynesia,PYF,,,,,,,,,,,,,,,,,,,,,,,,,,,,,,,,,,,,,,,,,,,,,,,,,,,,,,,,,,,,,,,,,
Qatar,QAT,,,,,,,,,,,,,,,,,,,,,,,,,,,,,,,,,,,,,,,,,,,,,,,,,,,,,,,,,,,,,,,,,
Romania,ROU,,,,,,,,,,,,,85.79104936,85.79134324,86.59040868,86.14377277,84.05922967,83.60743929,81.85155856,83.14436886,77.70458939,74.32411674,71.73223723,68.66447035,72.40459866,77.70727112,78.27117694,78.48953819,75.42847726,75.44068542,10.15371073,8.090717567,8.416010004,6.984182678,11.76181119,,,,,,,,,,,,,,,,,,,,,,,,,,,,9.212955374,,
Russian Federation,RUS,,,,,,,,,,,,,,,,,,,,,,,,,,,,,,,,,,,,,,,1.968516252,14.70667412,15.62512817,16.39948998,19.92014901,21.349768,23.66477158,28.74356154,24.44087436,27.92845553,38.08371026,27.48435766,30.84437903,33.66328895,29.68691616,26.59492423,25.23571826,44.03758519,43.29477309,43.57730965,43.26667797,44.47724607,47.39783259,44.07472655,53.23615535,42.29345373,
Rwanda,RWA,,,,,,,,,,,,,,8.102521703,8.311071535,15.88822355,5.585185185,5.182121108,8.061002179,6.451354384,13.98044187,,,,,,,,,28.32342221,30.00172325,41.24263929,36.04595258,,,,,,,,,,,,,,,,,,,,,,45.91459656,42.51682512,35.54475511,35.92497578,34.8224614,33.97346032,34.24959956,37.27046786,39.09048091,34.43649607,
South Asia,SAS,,,,,,,,,,,,,,,,,,,,,,,,,,,,,,,20.14188131,21.86858911,24.17658287,26.2997695,25.07546251,24.69922726,25.06239419,25.04452827,26.48121,26.22791293,24.91542423,26.73010099,26.9125586,25.7278744,21.65563827,21.22605815,19.61442165,20.16236753,18.38047788,19.18744835,21.97860739,16.08824638,17.68863489,17.157354,18.17195335,14.95551599,14.2070287,12.22574174,10.94394852,14.30370583,19.71064353,15.51578511,18.57475972,,
Saudi Arabia,SAU,,,,,,,,,,,,,,,,,,,,,,,,,,,,,,,,,,,,,,,,,,,,,,,,,,,93.23676258,94.74734459,94.37978977,93.35871922,92.44275536,86.64749451,84.21654368,87.36045911,70.93678449,76.26522335,70.98870538,67.15588804,74.52268316,70.58151599,
Sudan,SDN,,,,,,,,,,,,,,,,,,,,,,,,,,,,,,,,,,,,,,,13.65769722,20.52923622,,,,,,,,,,56.68376102,51.66145077,67.5569309,29.77566864,29.66323244,31.33012023,23.00283671,18.33103775,,,,,,,,
Senegal,SEN,,,,,,,,,,,,,,,,,,,,,,,,,,,,,,,,,,,,,,,,,,,,,,,,,,,,,,,,21.67099406,20.13245023,29.01392829,27.97070171,18.17211436,17.71681081,14.76828555,15.59423342,18.96510571,
Singapore,SGP,,,,,,,,,,,,,32.02025886,27.77255639,25.28024739,27.68595041,28.18671454,29.74569741,30.34564958,30.6118273,30.93479969,30.39630627,29.00375525,34.70507545,35.63007598,40.56463596,49.97598694,53.98934116,45.73469977,38.7778485,42.62533572,40.13755711,39.46168489,43.22121374,36.06742341,38.41664313,43.10153943,42.92304992,47.86335854,47.30225638,42.15388955,40.09649503,40.0997151,35.92870544,38.21403144,36.30344257,33.89485639,33.40127631,32.62583818,24.03812213,23.79894357,23.00246463,22.29318239,23.01903684,24.77313823,26.98952993,27.92936125,30.70280687,28.45408421,37.07661297,29.47454961,25.63117115,25.81503445,23.71445602,
Solomon Islands,SLB,,,,,,,,,,,,,,,,,,,,,,,,,,,,,,,,,,,,,,,,,,,,,,,,,,,,23.3548465,23.00218769,41.3384615,39.01142512,39.10371325,33.86164268,35.01859225,29.68177894,34.76940818,44.52293495,40.72867058,25.77646756,,
Sierra Leone,SLE,,,,,,,,,,,,,,,,,,,,,,,,,,,,,,,,,,,,,,,,,,,,,,,,,,,,,,,,,,,,,,,,,
El Salvador,SLV,,,,,,,,,,,,,,,,,,,,,,,,,,,,,,,,,,,,,,,20.27854802,15.57400744,31.01430782,24.08177408,18.7356272,12.5,15.98155204,9.706554463,14.08315884,17.87715162,20.87703864,16.96744136,17.28473271,26.16173544,18.46042989,15.38235063,15.64198831,15.76182895,16.79272127,19.57546598,18.99570582,16.0179708,16.99283551,24.11941755,17.46079875,15.16485685,
San Marino,SMR,,,,,,,,,,,,,,,,,,,,,,,,,,,,,,,,,,,,19.9623795,,,,,,,28.40362045,29.01976783,35.42264245,30.50118493,28.27862782,24.0155891,24.47339251,26.28462662,26.71319531,28.88964361,29.69169178,27.25632765,27.53843584,27.22804436,29.39885593,27.18914431,24.26089524,27.70176351,29.99199729,28.25094613,33.42761878,29.82246751,
Somalia,SOM,,,,,,,,,,,,,,,,,,,,,,,,,,,,,,,,,,,,,,,,,,,,,,,,,,,,,,,,,,42.59191204,35.10226175,48.88204342,72.44560812,,,90.66677481,
Serbia,SRB,,,,,,,,,,,,,,,,,,,,,,,,,,,,,,,,,,,,,,,,,,,,,,,,6.97513498,6.707040362,7.334121087,8.001540515,8.304737805,8.084591065,12.88713081,12.58484298,13.4439867,12.7342777,12.07959973,11.88533214,11.94968476,11.17713706,11.17713706,9.156843215,,
Sub-Saharan Africa (excluding high income),SSA,,,,,,,,,,,,,,,,,,,,,,,,,,,,,,,,,,,,,,,,,,,,,,,,,,31.75387767,35.66234384,30.11905364,28.07031072,29.66323244,23.60049306,23.51187505,20.1967148,23.232376,21.37020505,21.29300245,22.4186845,19.3496439,,,
South Sudan,SSD,,,,,,,,,,,,,,,,,,,,,,,,,,,,,,,,,,,,,,,,,,,,,,,,,,,,,,,,,,,,,,,,,
Sub-Saharan Africa,SSF,,,,,,,,,,,,,,,,,,,,,,,,,,,,,,,,,,,,,,,,,,,,,,,,,,32.14649632,35.72622268,30.38298634,27.770518,30.4051337,24.0766502,23.75434752,20.26097937,23.2932557,21.55130895,21.93725643,22.50299488,20.22255112,,,
Small states,SST,,,,,,,,,,,,,,,,,20.7904294,17.15988018,20.02854424,20.17626921,16.48411151,16.77082465,,,,,,,,,,5.858961375,11.66944731,9.139242669,8.520123537,13.88282656,11.21906519,13.83128178,13.00666095,11.02140443,12.01795599,12.02252729,13.28390958,12.25074819,11.44697409,10.40084141,10.40682363,11.11286548,10.0231064,15.6780041,13.59130933,13.17197653,12.87719819,13.07163033,12.06950637,15.44250212,12.82247717,13.75025688,13.48472041,11.24418399,10.90573067,10.08380007,12.83804997,,
Sao Tome and Principe,STP,,,,,,,,,,,,,,,,,,,,,,,,,,,,,,,,,,,,,,,,,,,,,,,,,,,,,,,,,,,,,,,,,
Suriname,SUR,,,,,,,,,,,,,,,,,,,,,,,,,,,,,,,,,,,,,,,,,,,,,,,,,,,,,,,,,,,,,,,,,
Slovak Republic,SVK,,,,,,,,,,,,,,,,,,,,,,,,,,,,,,,,,,,,,,,,,,,,,,,,,,,,,,,,,,,,,,,,,
Slovenia,SVN,,,,,,,,,,,,,,,,,,,,,,,,,,,,,,,,,5.426739023,4.634974533,2.531816951,,,,,,,,,,,,,,,,,,,,,,,,,,,,,,
Sweden,SWE,,,,,,,,,,,,,11.77975026,13.21985816,13.15224258,12.77208707,12.04427083,12.05512538,13.07468477,14.10217926,14.52208835,13.660614,15.81040769,16.10639627,15.09476607,15.59368487,15.80425509,14.48516182,13.12394958,13.30777038,12.79288581,15.25479272,16.17157931,17.68756729,18.31688596,11.83562881,11.34388624,9.96557808,9.997180416,9.030717515,8.403503617,8.27309246,8.313605878,8.383898434,8.040989524,9.368240834,8.85302336,9.989651158,10.52659193,9.988999722,9.323573087,9.464435475,9.322992592,9.254348842,8.096834351,7.883588019,7.741455748,7.229759029,7.505011438,7.933314325,7.966171188,7.382329619,9.170084792,,
Eswatini,SWZ,,,,,,,,,,,,,,,,,,,,,,,,,,,,,,,,,,,,,,,,11.02140443,8.719023609,9.224979993,7.870395748,6.913176082,5.226240412,4.733649665,3.88309406,6.720535317,5.299541923,5.82840189,6.68529931,5.035057506,2.223389198,,7.213886357,6.382299686,8.66944476,6.931892201,4.784801154,7.911489937,1.905776669,3.800340635,,,
Sint Maarten (Dutch part),SXM,,,,,,,,,,,,,,,,,,,,,,,,,,,,,,,,,,,,,,,,,,,,,,,,,,,,,,,,,,,,,,,,,
Seychelles,SYC,,,,,,,,,,,,,,,,,,,,,,,,,,23.23393681,21.14352783,24.66684797,24.08415842,22.03904117,,,,20.39034022,19.48866377,21.19600709,26.34073554,24.9528005,28.92975359,26.32727273,21.27614321,,,,,34.61823143,39.55290185,24.78232057,35.3507142,,,,,,,,,,,,,,,,
Syrian Arab Republic,SYR,,,,,,,,,,,,,,,,,,,,,,,,,,,,,,,,,,,,,,,,,,,,,,,,,,,,,,,,,,,,,,,,,
Turks and Caicos Islands,TCA,,,,,,,,,,,,,,,,,,,,,,,,,,,,,,,,,,,,,,,,,,,,,,,,,,,,,,,,,,,,,,,,,
Chad,TCD,,,,,,,,,,,,,,,,,,,,,,,,,,,,,,,,,,,,,,,,,,,,,,,,,,,,,,,,,,,,,,,,,
East Asia & Pacific (IDA & IBRD countries),TEA,,,,,,,,,,,,,,,,,,,,,,,,,,,,,,,,,19.30208819,14.11503532,15.15526037,16.64429219,16.31561234,15.7372086,16.60595182,22.44095708,23.92941028,21.49067809,23.059247,27.03486156,28.83193431,19.26927411,15.20867167,28.97630576,20.93083667,24.26465971,27.27169748,25.90734493,27.30449171,26.91003711,24.58041245,22.86482128,20.14786786,21.74931338,25.02354716,23.83154961,19.50472483,19.70376121,16.39708624,14.2685235,
Europe & Central Asia (IDA & IBRD countries),TEC,,,,,,,,,,,,,,,,,,,,,,,,,,,,,,,,,,,,,,,,,,,,,,,,,14.63101684,15.15540663,15.85213479,15.34950265,13.62349625,13.48679329,16.251257,15.4591574,16.02934603,15.80273089,15.78203002,15.44219711,16.72102408,18.65120949,17.50771532,16.38323783,
Togo,TGO,,,,,,,,,,,,,,,,,,,,,,,,,,,,,,,,,,,,,,,,,,,,,7.916209884,5.231359589,14.38916837,12.4332748,15.47199491,27.96866661,31.30741974,27.36335768,21.21677751,24.95776406,16.33252187,16.68857643,17.42789615,20.64171828,29.3630044,25.48940039,22.58730525,15.67294783,19.17798379,24.85765913,
Thailand,THA,,,,,,,,,,,,,15.01040818,14.40963673,6.969729043,12.57170787,11.8180747,10.08623994,9.922120595,9.817220819,9.972647985,12.66026323,11.85222555,10.75230563,11.29900077,13.15970869,13.0417665,12.81814838,10.09593333,10.42114343,10.09809382,9.294989423,11.17582702,11.14503417,10.47733561,10.19457767,10.06456444,11.63281782,13.2150365,14.75247645,13.16435348,19.39347711,13.89108832,17.10916299,14.13210711,13.50170158,11.97425816,12.36269028,13.69750656,13.83515287,15.03769956,13.13258403,14.11648897,13.18516711,14.46115198,15.80505675,16.87172488,16.93670992,17.3501348,17.96963938,19.50472483,18.17360199,16.64052155,18.06313669,
Tajikistan,TJK,,,,,,,,,,,,,,,,,,,,,,,,,,,,,,,,,,,,,,,5.403014248,4.481784746,7.438382136,8.756893828,,15.49532681,17.91049922,,,,,,,,,,,,,,,,,33.58632447,36.06288807,41.57532018,
Turkmenistan,TKM,,,,,,,,,,,,,,,,,,,,,,,,,,,,,,,,,,,,,,,,,,,,,,,,,,,,,,,,,,,,,,,,,
Latin America & the Caribbean (IDA & IBRD countries),TLA,,,,,,,,,,,,,,,,,,,,,,,,,,,,,,,,,,,,,,,12.4814301,13.39115287,13.83006767,13.26045627,13.76482385,12.5,11.5938324,11.5751132,13.80299632,14.37738249,15.63955922,15.8260015,14.78264537,14.63051295,14.04244017,14.29623427,15.24910263,15.76182895,15.0952558,17.27093551,16.8090424,17.47146658,15.86686552,15.23610908,17.46079875,16.88354137,
Timor-Leste,TLS,,,,,,,,,,,,,,,,,,,,,,,,,,,,,,,,,,,,,,,,,,,,,,,,,,,63.5246849,63.37368816,58.92615036,64.68827101,61.24579745,64.46170731,73.77643154,67.46166312,68.28268063,69.75752242,74.00640629,61.5861706,63.00089681,,
"Middle East, North Africa, Afghanistan & Pakistan (IDA & IBRD)",TMN,,,,,,,,,,,,,,,,,,,,,,,,,,,,,,,,,,,,,,24.23857022,,,,,,,,,34.8526675,32.41248039,26.2448636,35.84888968,,,,,,,,,,,,,,,
Tonga,TON,,,,,,,,,,,,,,,,,,,,,,,,,,,,,,,,,,,,,,,,,,,,,,,,,,,,,,45.37924677,54.83134199,46.00277057,48.87093449,52.22869138,48.61070856,49.90610086,51.7442441,52.60734866,54.10557305,56.23970748,
South Asia (IDA & IBRD),TSA,,,,,,,,,,,,,,,,,,,,,,,,,,,,,,,20.14188131,21.86858911,24.17658287,26.2997695,25.07546251,24.69922726,25.06239419,25.04452827,26.48121,26.22791293,24.91542423,26.73010099,26.9125586,25.7278744,21.65563827,21.22605815,19.61442165,20.16236753,18.38047788,19.18744835,21.97860739,16.08824638,17.68863489,17.157354,18.17195335,14.95551599,14.2070287,12.22574174,10.94394852,14.30370583,19.71064353,15.51578511,18.57475972,,
Sub-Saharan Africa (IDA & IBRD countries),TSS,,,,,,,,,,,,,,,,,,,,,,,,,,,,,,,,,,,,,,,,,,,,,,,,,,32.14649632,35.72622268,30.38298634,27.770518,30.4051337,24.0766502,23.75434752,20.26097937,23.2932557,21.55130895,21.93725643,22.50299488,20.22255112,,,
Trinidad and Tobago,TTO,,,,,,,,,,,,,,,,,20.7904294,17.15988018,20.02854424,20.17626921,16.48411151,16.77082465,,,,,,,,,,,,,,,,,,,,13.26045627,15.71222805,11.89731947,11.12365559,9.913978843,9.402574464,10.61278725,8.660682056,15.51662384,14.48945108,10.62963152,10.83031315,14.33690096,17.76319283,24.20460072,21.87830758,26.78683278,22.87435971,18.73629286,,,,,
Tunisia,TUN,,,,,,,,,,,,,21.02857143,18.29019074,24.41256493,21.26858276,18.22438659,17.17411989,18.06279395,22.62343405,25.15701017,23.69309233,25.07242878,21.10715442,27.67149674,26.60719647,25.76633532,25.69422406,27.41479333,26.44644253,23.41736695,18.14872743,19.64656711,20.08769587,21.06689516,17.42069179,16.68425496,13.83449769,12.7109462,11.33996441,10.48280973,10.25436923,11.97342427,11.94900085,12.33048477,10.80813764,12.01783595,11.3754476,13.25812125,10.58916347,9.676804271,11.44838003,9.085905266,,,,,,,,,,,,
Turkiye,TUR,,,,,,,,,,,,,17.51054852,12.14165261,8.798882682,12.77573529,6.819763396,5.83199572,10.36376115,18.38131669,20.6601079,16.42535504,,15.86943311,12.38983738,17.40068458,14.61688663,12.65536397,18.54297065,18.03971718,17.86108168,20.09681642,20.00936441,25.59356658,21.16941943,22.50288576,17.17303251,12.94425105,14.81431584,,,,,,,,,,17.58449177,18.15446486,16.76851848,17.32185208,18.72068447,17.73128581,17.05293868,15.4591574,16.02934603,15.80273089,18.60822803,18.63896512,17.40422772,18.33752987,17.50771532,16.22735595,
Tuvalu,TUV,,,,,,,,,,,,,,,,,,,,,,,,,,,,,,,,,,,,,,,,,,,,,,,,,,,,,,,,,,,,,,,,,
Tanzania,TZA,,,,,,,,,,,,,,,,,,,,,,,,,,,,,,,,,,,,,,,,,,,,,,,,,,37.07745777,37.07745777,33.02627208,28.71616432,31.51205765,18.95239905,26.21880344,11.33440289,18.38167247,21.55130895,19.74872092,16.77401058,16.89978482,18.12408422,16.66107364,13.83826746
Uganda,UGA,,,,,,,,,,,,,,,,,,,,,,,,,,,,,,,,,,,,,,,,,,,,,,,,,,,,,,,,12.43441305,11.84695996,11.09380193,9.587476603,15.6860869,16.81361973,18.65986972,19.71947604,16.36514546,
Ukraine,UKR,,,,,,,,,,,,,,,,,,,,,,,,,,,,,,,,,,,,,,,,6.612761058,18.58420443,22.35446,21.07851224,19.48595274,19.70146158,16.33935565,15.98097492,15.70443531,17.42311785,18.31123574,19.55414924,15.80386083,16.89495518,15.66710467,25.58232114,16.66438812,19.67138365,19.98100946,17.57345994,18.39263074,19.44340782,15.53363926,40.72013033,47.80162988,
Upper middle income,UMC,,,,,,,,,,,,,,,,,,,,,,,,,,,,,,,,,,,,,,,13.93639576,12.58130283,,,,,,,13.80299632,14.37738249,15.61723443,16.16276994,15.85213479,14.89514447,14.38207832,15.38235063,15.94662266,18.24049359,18.21130754,18.91237468,18.09084398,18.18113506,16.8724422,17.35157122,16.3372636,16.04810473,
Uruguay,URY,,,,,,,,,,,,,12.63537906,10.54545455,5.830583058,4.494382022,2.722063037,3.76940133,4.867448935,4.949595108,5.535522854,6.735002752,8.775838142,9.828494395,7.147500722,4.35879326,4.713944223,6.459400517,6.195520826,5.121527778,5.090628616,4.140570633,5.194305502,5.858164817,6.796005923,7.519308733,6.654890704,7.411995112,7.146002927,10.01615755,11.52209637,12.60843468,13.76482385,11.46245313,11.56593292,11.5751132,10.02566701,9.760457789,9.189395833,6.268732809,7.1616252,6.007064247,4.91646549,6.399063894,5.877433227,5.19443987,5.240605381,5.974170668,8.536516011,9.304274336,8.039085285,6.458461838,18.93272273,17.80297584,
United States,USA,,,,,,,,,,,,,5.713217074,7.854390424,7.913694979,7.266056304,6.989005337,6.980689989,6.579926543,7.736073022,8.239906206,9.09360884,9.423750398,11.12624747,10.20715002,10.16615074,9.536248436,8.753379789,8.124084482,7.968085615,7.183780996,10.66655169,7.458204977,7.906537072,6.742831373,7.384407366,6.31883035,6.337778685,5.657637003,5.597690592,5.704844353,4.209527852,4.342751297,4.350180267,4.088323692,3.943886728,4.134203621,4.444137946,4.777995667,7.678766401,8.49558241,7.854453981,7.274202082,9.70099113,7.902721865,6.881876139,6.360592712,6.043316115,5.915836944,5.023232602,4.734665429,4.796860617,4.2221688,2.562516453,
Uzbekistan,UZB,,,,,,,,,,,,,,,,,,,,,,,,,,,,,,,,,,,,,,,,,,,,,,,,,,,,26.70698628,28.49014048,13.07827308,10.8798525,6.751065101,7.468809861,8.553048202,13.39177521,15.44219711,15.02811168,20.23136932,33.22900064,29.75959242,
St. Vincent and the Grenadines,VCT,,,,,,,,,,,,,,,,,,,,,,,,,,,,,,,29.98819362,29.05940594,22.40925829,17.1875,15.2892562,14.06787998,13.78059837,17.71496815,20.12556679,17.40662438,15.76091784,16.8167434,12.67064642,15.55234675,15.33796074,11.6660184,9.123725927,13.15365873,16.22363791,20.39158315,15.35981175,17.35573478,13.74957104,13.91036015,18.50485504,11.99824443,13.40611354,11.27451782,,,,,,,
"Venezuela, RB",VEN,,,,,,,,,,,,,,,,,,,,,,,,,,,,,,,,,,,,,,,,,,,,,,,,,,,,,,,,,,,,,,,,,
British Virgin Islands,VGB,,,,,,,,,,,,,,,,,,,,,,,,,,,,,,,,,,,,,,,,,,,,,,,,,,,,,,,,,,,,,,,,,
Virgin Islands (U.S.),VIR,,,,,,,,,,,,,,,,,,,,,,,,,,,,,,,,,,,,,,,,,,,,,,,,,,,,,,,,,,,,,,,,,
Viet Nam,VNM,,,,,,,,,,,,,,,,,,,,,,,,,,,,,,,,,,,,,,,,,,,,,,,,,,,,,,,,,,,,,,,,,
Vanuatu,VUT,,,,,,,,,,,,,,,,,,,,,,,,,,,,,,,17.64390234,,,,,18.7398506,14.62531486,7.848509267,11.13108614,11.85835441,,,,,,,,,,38.25443787,37.02819606,35.0631337,23.51219232,19.31530421,24.16000895,49.88322761,51.7345757,49.910167,53.61567295,57.91967371,62.74303027,63.6451562,48.99598624,49.28002698,
World,WLD,,,,,,,,,,,,,,,,,,,,,,,,,,,,,,,,,,,,,,,,,,,,,,,14.19483863,14.55011058,15.47199491,16.13537916,16.76851848,16.1928126,15.90459198,16.89363904,17.01413675,16.77216881,16.83222308,17.3572834,17.3501348,17.54459558,16.8724422,16.91556539,15.56277655,,
Samoa,WSM,,,,,,,,,,,,,,,,,,,,,,,,,,,,,,,,,,,,,,,,,,,,,,,,,,,,,29.02290424,24.17313531,29.15504241,24.7699397,23.92845628,28.34640255,28.08973499,30.01044639,37.95819077,36.43441806,38.03385817,31.51432325,
Kosovo,XKX,,,,,,,,,,,,,,,,,,,,,,,,,,,,,,,,,,,,,,,,,,,,,,,,,,,,,,,,,,,,,,,,,
"Yemen, Rep.",YEM,,,,,,,,,,,,,,,,,,,,,,,,,,,,,,,,,,,,,,,,,,,,,,,,,,,,,,,,,,,,,,,,,
South Africa,ZAF,,,,,,,,,,,,,12.86798179,12.40143369,13.39460305,12.49164997,11.81586445,10.08027372,11.76864672,11.74284653,12.81427976,11.86229263,10.67763946,10.3153443,8.483795422,8.584105521,9.206206312,7.216135921,6.897063186,7.482270482,8.303935224,7.111116281,9.022641042,8.104488872,7.045667947,6.05188158,6.822448042,5.989282255,5.294722037,8.136088399,7.38495276,8.097730742,6.500870912,7.646231286,7.974515649,8.816259792,7.50170481,7.179158299,7.755945932,10.73258475,10.03743558,10.21321503,10.03911266,11.19384512,13.5791244,13.85969849,12.75906576,12.70701891,10.46956357,12.04679411,14.59933057,12.20209858,12.39196462,,
Zambia,ZMB,,,,,,,,,,,,,,,,,,,,,,,,,,,,,,,5.815441308,13.59662223,25.64237669,26.1523368,10.0281793,14.87766338,9.17596366,4.431578947,30.30520881,25.27109087,,5.589874898,1.875815645,28.38305874,28.17945713,30.99882383,22.80632992,34.94094096,25.43745451,29.00016458,22.6200716,30.11905364,18.66977219,18.94006172,15.82849075,27.52239885,32.63636088,23.232376,18.77075458,19.59585965,22.79387799,31.17780607,,,
Zimbabwe,ZWE,,,,,,,,,,,,,,,,,,,,,,,,,,,,,,,,,,,,,,,,,,,,,,,,,,5.787126004,10.10510373,13.13526652,12.48831257,,,6.917275228,6.208636001,5.011261081,8.278416657,,,,,,