country,cntry.code,poltype2025,polcode2025
Afghanistan,AFG,dictatorship,5
Albania,ALB,centre-left,-1
Algeria,DZA,left wing,-2
Andorra,AND,centre-right,2
Angola,AGO,left wing,-2
Anguilla,AIA,,0
Antigua and Barbuda,ATG,centre-left,-1
Argentina,ARG,populist/authoritarian right,4
Armenia,ARM,centre-left,-1
Aruba,ABW,,0
Australia,AUS,centre-left,-1
Austria,AUT,centre-right,2
Azerbaijan,AZE,dictatorship,5
Bahamas,BHS,centre-left,-1
Bahrain,BHR,powerful monarchic system,6
Bangladesh,BGD,left wing,-2
Barbados,BRB,centre-left,-1
Belarus,BLR,dictatorship,5
Belgium,BEL,centre-right,2
Belize,BLZ,centre-left,-1
Benin,BEN,centre-left,-1
Bermuda,BMU,,0
Bhutan,BTN,powerful monarchic system,6
Bolivia,BOL,left wing,-2
Bonaire,BON,,0
Bosnia Herzegovina,BIH,centre-left,-1
Botswana,BWA,centre-left,-1
Brazil,BRA,left wing,-2
British Virgin Islands,VGB,,0
Brunei,BRN,powerful monarchic system,6
Bulgaria,BGR,centrist,0
Burkina Faso,BFA,dictatorship,5
Burundi,BDI,dictatorship,5
Cambodia,KHM,dictatorship,5
Cameroon,CMR,dictatorship,5
Canada,CAN,centre-left,-1
Cape Verde,CPV,centre-right,2
Cayman Islands,CYM,,0
Central African Republic,CAF,dictatorship,5
Chad,TCD,dictatorship,5
Channel Islands,CHI,,0
Chile,CHL,left wing,-2
China,CHN,dictatorship,5
China Hong Kong SAR,HKG,,0
China Macao SAR,MAC,,0
Colombia,COL,left wing,-2
Comoros,COM,centre-left,-1
Congo,COG,dictatorship,5
Congo Democratic Republic,COD,centre-left,-1
Cook Islands,COK,,0
Costa Rica,CRI,centre-right,2
Cote dIvoire,CIV,populist/authoritarian right,4
Croatia,HRV,centre-right,2
Cuba,CUB,dictatorship,5
Curacao,CUW,,0
Cyprus,CYP,centrist,0
Czech Republic,CZE,centre-right,2
Denmark,DNK,centre-left,-1
Djibouti,DJI,dictatorship,5
Dominica,DMA,centre-left,-1
Dominican Republic,DOM,centre-left,-1
Ecuador,ECU,centrist,0
Egypt,EGY,dictatorship,5
El Salvador,SLV,centre-right,2
Equatorial Guinea,GNQ,dictatorship,5
Eritrea,ERI,dictatorship,5
Estonia,EST,centre-right,2
Ethiopia,ETH,centrist,0
Federated States of Micronesia,FSM,,0
Fiji,FJI,centre-right,2
Finland,FIN,centre-right,2
France,FRA,left wing,-2
French Guiana,GUF,,0
French Polynesia,PYF,,0
Gabon,GAB,dictatorship,5
Gambia,GMB,centre-right,2
Georgia,GEO,populist/authoritarian left,-3
Germany,DEU,centre-left,-1
Ghana,GHA,centre-right,2
Gibraltar,GIB,,0
Greece,GRC,centre-right,2
Grenada,GRD,centre-left,-1
Guadeloupe,GLP,,0
Guam,GUM,,0
Guatemala,GTM,right wing,3
Guinea,GIN,dictatorship,5
Guinea Bissau,GNB,left wing,-2
Guyana,GUY,left wing,-2
Haiti,HTI,right wing,3
Honduras,HND,left wing,-2
Hungary,HUN,populist/authoritarian right,4
Iceland,ISL,left wing,-2
India,IND,centre-right,2
Indonesia,IDN,right wing,3
Iran,IRN,dictatorship,5
Iraq,IRQ,centrist,0
Ireland,IRL,centrist,0
Israel,ISR,populist/authoritarian right,4
Italy,ITA,populist/authoritarian right,4
Jamaica,JAM,centre-right,2
Japan,JPN,centre-right,2
Jordan,JOR,powerful monarchic system,6
Kazakhstan,KAZ,dictatorship,5
Kenya,KEN,centre-right,2
Kiribati,KIR,left wing,-2
Korea North,PRK,dictatorship,5
Korea South,KOR,right wing,3
Kosovo,XKX,left wing,-2
Kuwait,KWT,powerful monarchic system,6
Kyrgyz Republic,KGZ,dictatorship,5
Laos,LAO,dictatorship,5
Latvia,LVA,centre-right,2
Lebanon,LBN,centre-right,2
Lesotho,LSO,centre-right,2
Liberia,LBR,centrist,0
Libya,LBY,centrist,0
Liechtenstein,LIE,powerful monarchic system,6
Lithuania,LTU,centre-left,-1
Luxembourg,LUX,centre-right,2
Macedonia,MKD,,0
Madagascar,MDG,centre-left,-1
Malawi,MWI,centre-right,2
Malaysia,MYS,centre-left,-1
Maldives,MDV,centre-right,2
Mali,MLI,dictatorship,5
Malta,MLT,centre-left,-1
Marshall Islands,MHL,centrist,0
Martinique,MTQ,,0
Mauritania,MRT,centrist,0
Mauritius,MUS,centre-left,-1
Mayotte,MYT,,0
Mexico,MEX,populist/authoritarian left,-3
Moldova,MDA,centre-right,2
Monaco,MCO,powerful monarchic system,6
Mongolia,MNG,centre-left,-1
Monserrat,MSR,,0
Montenegro,MNE,centrist,0
Morocco,MAR,powerful monarchic system,6
Mozambique,MOZ,left wing,-2
Myanmar,MMR,dictatorship,5
Namibia,NAM,left wing,-2
Nauru,NRU,centrist,0
Nepal,NPL,left wing,-2
Netherlands,NLD,centre-right,2
New Caledonia,NCL,,0
New Zealand,NZL,centre-right,2
Nicaragua,NIC,dictatorship,5
Niger,NER,dictatorship,5
Nigeria,NGA,centrist,0
Niue,NIU,,0
Norfolk Island,NFK,,0
Norway,NOR,left wing,-2
Oman,OMN,powerful monarchic system,6
Pakistan,PAK,centre-right,2
Palau,PLW,centrist,0
Palestinian Territory,PSE,,0
Panama,PAN,centre-right,2
Papua New Guinea,PNG,centre-left,-1
Paraguay,PRY,right wing,3
Peru,PER,populist/authoritarian left,-3
Philippines,PHL,centre-left,-1
Poland,POL,centre-right,2
Portugal,PRT,centre-right,2
Puerto Rico,PRI,,0
Qatar,QAT,powerful monarchic system,6
Reunion,REU,,0
Romania,ROU,centre-left,-1
Russia,RUS,dictatorship,5
Rwanda,RWA,centrist,0
Saint Lucia,LCA,centre-left,-1
Saint-Pierre-et-Miquelon,SPM,,0
Samoa,WSM,centre-left,-1
San Marino,SMR,centrist,0
Sao Tome and Principe,STP,centrist,0
Saudi Arabia,SAU,powerful monarchic system,6
Senegal,SEN,left wing,-2
Serbia,SRB,right wing,3
Seychelles,SYC,centrist,0
Sierra Leone,SLE,centre-left,-1
Singapore,SGP,centre-right,2
Sint Maarten (Dutch part),SXM,,0
Slovakia,SVK,populist/authoritarian left,-3
Slovenia,SVN,centre-right,2
Solomon Islands,SLB,populist/authoritarian left,-3
Somalia,SOM,centre-right,2
South Africa,ZAF,left wing,-2
South Sudan,SSD,populist/authoritarian left,-3
Spain,ESP,left wing,-2
Sri Lanka,LKA,centre-left,-1
St Kitts Nevis,KNA,centre-left,-1
St Vincent and the Grenadines,VCT,left wing,-2
Sudan,SDN,dictatorship,5
Suriname,SUR,centre-left,-1
Swaziland,SWZ,powerful monarchic system,6
Sweden,SWE,centre-right,2
Switzerland,CHE,centre-right,2
Syria,SYR,dictatorship,5
Taiwan,TWN,centre-left,-1
Tajikistan,TJK,dictatorship,5
Tanzania,TZA,centre-left,-1
Thailand,THA,right wing,3
Tibetan,CHN,,0
Timor-Leste,TLS,centre-left,-1
Togo,TGO,right wing,3
Tonga,TON,powerful monarchic system,6
Trinidad and Tobago,TTO,centre-left,-1
Tunisia,TUN,dictatorship,5
Turkey,TUR,populist/authoritarian right,4
Turkmenistan,TKM,dictatorship,5
Turks and Caicos Islands,TCA,,0
Tuvalu,TUV,centre-left,-1
Uganda,UGA,populist/authoritarian right,4
Ukraine,UKR,centrist,0
United Arab Emirates,ARE,powerful monarchic system,6
United Kingdom,GBR,centre-left,-1
United States,USA,centre-right,2
Uruguay,URY,left wing,-2
US Virgin Islands,VIR,,0
Uzbekistan,UZB,dictatorship,5
Vanuatu,VUT,centre-right,2
Vatican,VAT,,0
Venezuela,VEN,dictatorship,5
Vietnam,VNM,dictatorship,5
Wallis and Futuna Islands ,WLF,,0
Western Sahara,ESH,,0
Yemen,YEM,dictatorship,5
Zambia,ZMB,centrist,0
Zimbabwe,ZWE,populist/authoritarian left,-3